#
# There is insufficient memory for the Java Runtime Environment to continue.
# Native memory allocation (mmap) failed to map 88080384 bytes for G1 virtual space
# Possible reasons:
#   The system is out of physical RAM or swap space
#   The process is running with CompressedOops enabled, and the Java Heap may be blocking the growth of the native heap
# Possible solutions:
#   Reduce memory load on the system
#   Increase physical memory or swap space
#   Check if swap backing store is full
#   Decrease Java heap size (-Xmx/-Xms)
#   Decrease number of Java threads
#   Decrease Java thread stack sizes (-Xss)
#   Set larger code cache with -XX:ReservedCodeCacheSize=
#   JVM is running with Zero Based Compressed Oops mode in which the Java heap is
#     placed in the first 32GB address space. The Java Heap base address is the
#     maximum limit for the native heap growth. Please use -XX:HeapBaseMinAddress
#     to set the Java Heap base and to place the Java Heap above 32GB virtual address.
# This output file may be truncated or incomplete.
#
#  Out of Memory Error (os_windows.cpp:3603), pid=32656, tid=47952
#
# JRE version: Java(TM) SE Runtime Environment (21.0.9+7) (build 21.0.9+7-LTS-338)
# Java VM: Java HotSpot(TM) 64-Bit Server VM (21.0.9+7-LTS-338, mixed mode, sharing, tiered, compressed oops, compressed class ptrs, g1 gc, windows-amd64)
# No core dump will be written. Minidumps are not enabled by default on client versions of Windows
#

---------------  S U M M A R Y ------------

Command Line: -XX:MaxMetaspaceSize=4G -XX:ReservedCodeCacheSize=512m -XX:+HeapDumpOnOutOfMemoryError --add-opens=java.base/java.util=ALL-UNNAMED --add-opens=java.base/java.lang=ALL-UNNAMED --add-opens=java.base/java.lang.invoke=ALL-UNNAMED --add-opens=java.prefs/java.util.prefs=ALL-UNNAMED --add-exports=jdk.compiler/com.sun.tools.javac.api=ALL-UNNAMED --add-exports=jdk.compiler/com.sun.tools.javac.util=ALL-UNNAMED --add-opens=java.base/java.nio.charset=ALL-UNNAMED --add-opens=java.base/java.net=ALL-UNNAMED --add-opens=java.base/java.util.concurrent.atomic=ALL-UNNAMED -Xmx8G -Dfile.encoding=utf8 -Duser.country=IN -Duser.language=en -Duser.variant -javaagent:C:\Users\goodb\.gradle\wrapper\dists\gradle-8.9-bin\90cnw93cvbtalezasaz0blq0a\gradle-8.9\lib\agents\gradle-instrumentation-agent-8.9.jar org.gradle.launcher.daemon.bootstrap.GradleDaemon 8.9

Host: AMD Ryzen 5 5600H with Radeon Graphics         , 12 cores, 7G,  Windows 11 , 64 bit Build 26100 (10.0.26100.7309)
Time: Tue Jan 13 13:55:05 2026 India Standard Time elapsed time: 973.818808 seconds (0d 0h 16m 13s)

---------------  T H R E A D  ---------------

Current thread (0x0000027f4ce78be0):  VMThread "VM Thread"          [id=47952, stack(0x000000f5ae200000,0x000000f5ae300000) (1024K)]

Stack: [0x000000f5ae200000,0x000000f5ae300000]
Native frames: (J=compiled Java code, j=interpreted, Vv=VM code, C=native code)
V  [jvm.dll+0x6cbf89]
V  [jvm.dll+0x858421]
V  [jvm.dll+0x85a94e]
V  [jvm.dll+0x85b023]
V  [jvm.dll+0x27ebc6]
V  [jvm.dll+0x6c8705]
V  [jvm.dll+0x6bd26a]
V  [jvm.dll+0x354a0a]
V  [jvm.dll+0x35c686]
V  [jvm.dll+0x3af79e]
V  [jvm.dll+0x3afa48]
V  [jvm.dll+0x328d1c]
V  [jvm.dll+0x328da7]
V  [jvm.dll+0x36d6cc]
V  [jvm.dll+0x36bf1e]
V  [jvm.dll+0x3284e1]
V  [jvm.dll+0x36b63a]
V  [jvm.dll+0x860df0]
V  [jvm.dll+0x862174]
V  [jvm.dll+0x8626b0]
V  [jvm.dll+0x862953]
V  [jvm.dll+0x80265b]
V  [jvm.dll+0x6ca66d]
C  [ucrtbase.dll+0x37b0]
C  [KERNEL32.DLL+0x2e8d7]
C  [ntdll.dll+0x8c53c]

VM_Operation (0x000000f5af8fed10): G1CollectForAllocation, mode: safepoint, requested by thread 0x0000027f964f15f0


---------------  P R O C E S S  ---------------

Threads class SMR info:
_java_thread_list=0x0000027fa0bc72d0, length=193, elements={
0x0000027f17fbefb0, 0x0000027f4ce959a0, 0x0000027f4ce97120, 0x0000027f4ce9bde0,
0x0000027f4ce9b750, 0x0000027f4ce9aa30, 0x0000027f4ce9a3a0, 0x0000027f4cea3b30,
0x0000027f4ceb2f50, 0x0000027f4ce9b0c0, 0x0000027f4ce99d10, 0x0000027f4ce9c470,
0x0000027f4ce9cb00, 0x0000027f4ce9d190, 0x0000027f9485bdf0, 0x0000027f9485cb10,
0x0000027f9485aa40, 0x0000027f9485e550, 0x0000027f9485b0d0, 0x0000027f9485ebe0,
0x0000027f948619d0, 0x0000027f9485f900, 0x0000027f9485ff90, 0x0000027f94860cb0,
0x0000027f94f157d0, 0x0000027f94f13d90, 0x0000027f94f17210, 0x0000027f94f178a0,
0x0000027f94f15140, 0x0000027f94f17f30, 0x0000027f94f14ab0, 0x0000027f94f185c0,
0x0000027f964f7ef0, 0x0000027f993dfc90, 0x0000027f98e6cad0, 0x0000027f98e6de80,
0x0000027f993e0320, 0x0000027f94f164f0, 0x0000027f94f16b80, 0x0000027f94f1b3b0,
0x0000027f993dcea0, 0x0000027f9981a8f0, 0x0000027f9ff36080, 0x0000027fa0482f40,
0x0000027f964f3d50, 0x0000027f964f29a0, 0x0000027f964f36c0, 0x0000027f964f0f60,
0x0000027f964f15f0, 0x0000027f964f5100, 0x0000027f964f3030, 0x0000027f964f43e0,
0x0000027f964f4a70, 0x0000027f964f1c80, 0x0000027f964f71d0, 0x0000027f964f7860,
0x0000027f9ff2f0f0, 0x0000027f9ff2f780, 0x0000027f9ff2d6b0, 0x0000027f9ff2e3d0,
0x0000027f9ff2ea60, 0x0000027f9ff2c300, 0x0000027f9ff2d020, 0x0000027f9ff2fe10,
0x0000027f9ff2c990, 0x0000027f9ff304a0, 0x0000027f9ff30b30, 0x0000027f9ff311c0,
0x0000027f9ff2dd40, 0x0000027f9ff33fb0, 0x0000027f9ff32570, 0x0000027f9ff33290,
0x0000027f9ff33920, 0x0000027f9ff34640, 0x0000027f9ff32c00, 0x0000027f9ff31850,
0x0000027f9ff31ee0, 0x0000027f9ff36da0, 0x0000027f9ff37430, 0x0000027f9ff359f0,
0x0000027f9ff387e0, 0x0000027f9ff38150, 0x0000027f9ff35360, 0x0000027f9ff3b5d0,
0x0000027f9ff39500, 0x0000027f9ff38e70, 0x0000027f9ff3a220, 0x0000027f9ff39b90,
0x0000027f9ff3a8b0, 0x0000027f9ff3af40, 0x0000027fa0478b30, 0x0000027fa04770f0,
0x0000027fa047ac00, 0x0000027fa0479850, 0x0000027fa0479ee0, 0x0000027fa0477780,
0x0000027fa0477e10, 0x0000027fa047b290, 0x0000027fa047b920, 0x0000027fa047bfb0,
0x0000027fa047c640, 0x0000027fa04791c0, 0x0000027fa047e710, 0x0000027fa047e080,
0x0000027fa047f430, 0x0000027fa047fac0, 0x0000027fa047eda0, 0x0000027fa047d360,
0x0000027fa047ccd0, 0x0000027fa0480e70, 0x0000027fa0480150, 0x0000027fa047d9f0,
0x0000027fa04807e0, 0x0000027fa04842f0, 0x0000027fa04835d0, 0x0000027fa0484980,
0x0000027fa0481500, 0x0000027fa0481b90, 0x0000027fa0485010, 0x0000027fa04856a0,
0x0000027fa0482220, 0x0000027fa0485d30, 0x0000027f9980f7c0, 0x0000027f998104e0,
0x0000027f99810b70, 0x0000027f99811200, 0x0000027f9980fe50, 0x0000027f9980f130,
0x0000027f9980dd80, 0x0000027f99811890, 0x0000027f9980e410, 0x0000027f998132d0,
0x0000027f99814680, 0x0000027f99813960, 0x0000027f99815a30, 0x0000027f99814d10,
0x0000027f998125b0, 0x0000027f99812c40, 0x0000027f99817b00, 0x0000027f99818190,
0x0000027f99819bd0, 0x0000027f99816750, 0x0000027f99818eb0, 0x0000027f99819540,
0x0000027f9981a260, 0x0000027f99818820, 0x0000027f99816de0, 0x0000027f99817470,
0x0000027f9981af80, 0x0000027f9981c9c0, 0x0000027f9981b610, 0x0000027f9981bca0,
0x0000027f993dc810, 0x0000027f993e37a0, 0x0000027f993e44c0, 0x0000027f993e3e30,
0x0000027f993e4b50, 0x0000027f993e3110, 0x0000027f993e1d60, 0x0000027f993e51e0,
0x0000027f993e2a80, 0x0000027f993e5870, 0x0000027f993e23f0, 0x0000027f993e7940,
0x0000027f993e5f00, 0x0000027f993e72b0, 0x0000027f993e6590, 0x0000027f993e6c20,
0x0000027f993ea730, 0x0000027f993e9a10, 0x0000027f993eadc0, 0x0000027f993eb450,
0x0000027f993e7fd0, 0x0000027f993ebae0, 0x0000027f9654b030, 0x0000027f9654b6c0,
0x0000027f9654bd50, 0x0000027f965495f0, 0x0000027f9654c3e0, 0x0000027f96549c80,
0x0000027f9654d100, 0x0000027f9654d790, 0x0000027f9654a310, 0x0000027f9654de20,
0x0000027f9654eb40, 0x0000027f9654f1d0, 0x0000027f9654f860, 0x0000027f9654fef0,
0x0000027f98e6e510, 0x0000027f98e6f230, 0x0000027f98e6bdb0, 0x0000027f98e6d160,
0x0000027f98e6f8c0
}

Java Threads: ( => current thread )
  0x0000027f17fbefb0 JavaThread "main"                              [_thread_blocked, id=55920, stack(0x000000f5adb00000,0x000000f5adc00000) (1024K)]
  0x0000027f4ce959a0 JavaThread "Reference Handler"          daemon [_thread_blocked, id=55648, stack(0x000000f5ae300000,0x000000f5ae400000) (1024K)]
  0x0000027f4ce97120 JavaThread "Finalizer"                  daemon [_thread_blocked, id=39128, stack(0x000000f5ae400000,0x000000f5ae500000) (1024K)]
  0x0000027f4ce9bde0 JavaThread "Signal Dispatcher"          daemon [_thread_blocked, id=55244, stack(0x000000f5ae500000,0x000000f5ae600000) (1024K)]
  0x0000027f4ce9b750 JavaThread "Attach Listener"            daemon [_thread_blocked, id=1168, stack(0x000000f5ae600000,0x000000f5ae700000) (1024K)]
  0x0000027f4ce9aa30 JavaThread "Service Thread"             daemon [_thread_blocked, id=54608, stack(0x000000f5ae700000,0x000000f5ae800000) (1024K)]
  0x0000027f4ce9a3a0 JavaThread "Monitor Deflation Thread"   daemon [_thread_blocked, id=56208, stack(0x000000f5ae800000,0x000000f5ae900000) (1024K)]
  0x0000027f4cea3b30 JavaThread "C2 CompilerThread0"         daemon [_thread_blocked, id=53804, stack(0x000000f5ae900000,0x000000f5aea00000) (1024K)]
  0x0000027f4ceb2f50 JavaThread "C1 CompilerThread0"         daemon [_thread_blocked, id=55688, stack(0x000000f5aea00000,0x000000f5aeb00000) (1024K)]
  0x0000027f4ce9b0c0 JavaThread "Common-Cleaner"             daemon [_thread_blocked, id=38128, stack(0x000000f5aeb00000,0x000000f5aec00000) (1024K)]
  0x0000027f4ce99d10 JavaThread "Notification Thread"        daemon [_thread_blocked, id=56168, stack(0x000000f5aec00000,0x000000f5aed00000) (1024K)]
  0x0000027f4ce9c470 JavaThread "Daemon health stats"               [_thread_blocked, id=49256, stack(0x000000f5af200000,0x000000f5af300000) (1024K)]
  0x0000027f4ce9cb00 JavaThread "Incoming local TCP Connector on port 56731"        [_thread_in_native, id=51296, stack(0x000000f5af300000,0x000000f5af400000) (1024K)]
  0x0000027f4ce9d190 JavaThread "Daemon periodic checks"            [_thread_blocked, id=54340, stack(0x000000f5af500000,0x000000f5af600000) (1024K)]
  0x0000027f9485bdf0 JavaThread "Daemon"                            [_thread_blocked, id=54808, stack(0x000000f5af600000,0x000000f5af700000) (1024K)]
  0x0000027f9485cb10 JavaThread "Daemon worker"                     [_thread_blocked, id=54732, stack(0x000000f5af900000,0x000000f5afa00000) (1024K)]
  0x0000027f9485aa40 JavaThread "Cache worker for journal cache (C:\Users\goodb\.gradle\caches\journal-1)"        [_thread_blocked, id=55572, stack(0x000000f5afd00000,0x000000f5afe00000) (1024K)]
  0x0000027f9485e550 JavaThread "File lock request listener"        [_thread_in_native, id=56140, stack(0x000000f5afe00000,0x000000f5aff00000) (1024K)]
  0x0000027f9485b0d0 JavaThread "Cache worker for file hash cache (C:\Users\goodb\.gradle\caches\8.9\fileHashes)"        [_thread_blocked, id=32852, stack(0x000000f5af400000,0x000000f5af500000) (1024K)]
  0x0000027f9485ebe0 JavaThread "File lock release action executor"        [_thread_blocked, id=51836, stack(0x000000f5b0300000,0x000000f5b0400000) (1024K)]
  0x0000027f948619d0 JavaThread "File watcher server"        daemon [_thread_in_native, id=55720, stack(0x000000f5b0900000,0x000000f5b0a00000) (1024K)]
  0x0000027f9485f900 JavaThread "File watcher consumer"      daemon [_thread_blocked, id=53736, stack(0x000000f5b0a00000,0x000000f5b0b00000) (1024K)]
  0x0000027f9485ff90 JavaThread "jar transforms"                    [_thread_blocked, id=53456, stack(0x000000f5b0b00000,0x000000f5b0c00000) (1024K)]
  0x0000027f94860cb0 JavaThread "jar transforms Thread 2"           [_thread_blocked, id=55512, stack(0x000000f5b0c00000,0x000000f5b0d00000) (1024K)]
  0x0000027f94f157d0 JavaThread "jar transforms Thread 3"           [_thread_blocked, id=51436, stack(0x000000f5b0d00000,0x000000f5b0e00000) (1024K)]
  0x0000027f94f13d90 JavaThread "Cache worker for file content cache (C:\Users\goodb\.gradle\caches\8.9\fileContent)"        [_thread_blocked, id=54828, stack(0x000000f5b1000000,0x000000f5b1100000) (1024K)]
  0x0000027f94f17210 JavaThread "jar transforms Thread 4"           [_thread_blocked, id=55976, stack(0x000000f5b1300000,0x000000f5b1400000) (1024K)]
  0x0000027f94f178a0 JavaThread "jar transforms Thread 5"           [_thread_blocked, id=51732, stack(0x000000f5b1400000,0x000000f5b1500000) (1024K)]
  0x0000027f94f15140 JavaThread "jar transforms Thread 6"           [_thread_blocked, id=55440, stack(0x000000f5b1500000,0x000000f5b1600000) (1024K)]
  0x0000027f94f17f30 JavaThread "jar transforms Thread 7"           [_thread_blocked, id=55428, stack(0x000000f5b1600000,0x000000f5b1700000) (1024K)]
  0x0000027f94f14ab0 JavaThread "jar transforms Thread 8"           [_thread_blocked, id=51156, stack(0x000000f5b1700000,0x000000f5b1800000) (1024K)]
  0x0000027f94f185c0 JavaThread "jar transforms Thread 9"           [_thread_blocked, id=52664, stack(0x000000f5b1800000,0x000000f5b1900000) (1024K)]
  0x0000027f964f7ef0 JavaThread "Memory manager"                    [_thread_blocked, id=42612, stack(0x000000f5b3a00000,0x000000f5b3b00000) (1024K)]
  0x0000027f993dfc90 JavaThread "jar transforms Thread 10"          [_thread_blocked, id=56840, stack(0x000000f5b8c00000,0x000000f5b8d00000) (1024K)]
  0x0000027f98e6cad0 JavaThread "jar transforms Thread 11"          [_thread_blocked, id=45104, stack(0x000000f5ba300000,0x000000f5ba400000) (1024K)]
  0x0000027f98e6de80 JavaThread "jar transforms Thread 12"          [_thread_blocked, id=55592, stack(0x000000f5ba400000,0x000000f5ba500000) (1024K)]
  0x0000027f993e0320 JavaThread "VFS cleanup"                       [_thread_blocked, id=39424, stack(0x000000f5afa00000,0x000000f5afb00000) (1024K)]
  0x0000027f94f164f0 JavaThread "RMI Scheduler(0)"           daemon [_thread_blocked, id=52604, stack(0x000000f5b5400000,0x000000f5b5500000) (1024K)]
  0x0000027f94f16b80 JavaThread "RMI GC Daemon"              daemon [_thread_blocked, id=51384, stack(0x000000f5b5600000,0x000000f5b5700000) (1024K)]
  0x0000027f94f1b3b0 JavaThread "RMI TCP Accept-0"           daemon [_thread_in_native, id=50400, stack(0x000000f5b5700000,0x000000f5b5800000) (1024K)]
  0x0000027f993dcea0 JavaThread "RMI Reaper"                        [_thread_blocked, id=42092, stack(0x000000f5b5800000,0x000000f5b5900000) (1024K)]
  0x0000027f9981a8f0 JavaThread "RMI TCP Connection(43)-127.0.0.1" daemon [_thread_in_native, id=51520, stack(0x000000f5b5d00000,0x000000f5b5e00000) (1024K)]
  0x0000027f9ff36080 JavaThread "included builds"                   [_thread_blocked, id=59028, stack(0x000000f5b2e00000,0x000000f5b2f00000) (1024K)]
  0x0000027fa0482f40 JavaThread "RMI TCP Connection(idle)"   daemon [_thread_blocked, id=56300, stack(0x000000f5b5900000,0x000000f5b5a00000) (1024K)]
  0x0000027f964f3d50 JavaThread "Handler for socket connection from /127.0.0.1:56731 to /127.0.0.1:64040"        [_thread_in_native, id=58004, stack(0x000000f5ad800000,0x000000f5ad900000) (1024K)]
  0x0000027f964f29a0 JavaThread "Cancel handler"                    [_thread_blocked, id=52032, stack(0x000000f5ad900000,0x000000f5ada00000) (1024K)]
  0x0000027f964f36c0 JavaThread "Asynchronous log dispatcher for DefaultDaemonConnection: socket connection from /127.0.0.1:56731 to /127.0.0.1:64040"        [_thread_blocked, id=52868, stack(0x000000f5ada00000,0x000000f5adb00000) (1024K)]
  0x0000027f964f0f60 JavaThread "Stdin handler"                     [_thread_blocked, id=41780, stack(0x000000f5af700000,0x000000f5af800000) (1024K)]
  0x0000027f964f15f0 JavaThread "Daemon client event forwarder"        [_thread_blocked, id=57556, stack(0x000000f5af800000,0x000000f5af900000) (1024K)]
  0x0000027f964f5100 JavaThread "Cache worker for file hash cache (D:\RVU\8th Sem\Major Project\Project Application\FrontEnd\flutter_application\android\.gradle\8.9\fileHashes)"        [_thread_blocked, id=58172, stack(0x000000f5afb00000,0x000000f5afc00000) (1024K)]
  0x0000027f964f3030 JavaThread "Cache worker for Build Output Cleanup Cache (D:\RVU\8th Sem\Major Project\Project Application\FrontEnd\flutter_application\android\.gradle\buildOutputCleanup)"        [_thread_blocked, id=53604, stack(0x000000f5afc00000,0x000000f5afd00000) (1024K)]
  0x0000027f964f43e0 JavaThread "Cache worker for checksums cache (D:\RVU\8th Sem\Major Project\Project Application\FrontEnd\flutter_application\android\.gradle\8.9\checksums)"        [_thread_blocked, id=57644, stack(0x000000f5b0600000,0x000000f5b0700000) (1024K)]
  0x0000027f964f4a70 JavaThread "Cache worker for cache directory md-rule (C:\Users\goodb\.gradle\caches\8.9\md-rule)"        [_thread_blocked, id=60108, stack(0x000000f5b0700000,0x000000f5b0800000) (1024K)]
  0x0000027f964f1c80 JavaThread "Cache worker for cache directory md-supplier (C:\Users\goodb\.gradle\caches\8.9\md-supplier)"        [_thread_blocked, id=59748, stack(0x000000f5b0800000,0x000000f5b0900000) (1024K)]
  0x0000027f964f71d0 JavaThread "Cache worker for Build Output Cleanup Cache (C:\Users\goodb\flutter\packages\flutter_tools\gradle\.gradle\buildOutputCleanup)"        [_thread_blocked, id=39624, stack(0x000000f5b0e00000,0x000000f5b0f00000) (1024K)]
  0x0000027f964f7860 JavaThread "Unconstrained build operations"        [_thread_blocked, id=52104, stack(0x000000f5b0f00000,0x000000f5b1000000) (1024K)]
  0x0000027f9ff2f0f0 JavaThread "Unconstrained build operations Thread 2"        [_thread_blocked, id=58296, stack(0x000000f5b1100000,0x000000f5b1200000) (1024K)]
  0x0000027f9ff2f780 JavaThread "Unconstrained build operations Thread 3"        [_thread_blocked, id=59788, stack(0x000000f5b1200000,0x000000f5b1300000) (1024K)]
  0x0000027f9ff2d6b0 JavaThread "Unconstrained build operations Thread 4"        [_thread_blocked, id=60300, stack(0x000000f5b1900000,0x000000f5b1a00000) (1024K)]
  0x0000027f9ff2e3d0 JavaThread "Unconstrained build operations Thread 5"        [_thread_blocked, id=54128, stack(0x000000f5b1a00000,0x000000f5b1b00000) (1024K)]
  0x0000027f9ff2ea60 JavaThread "Unconstrained build operations Thread 6"        [_thread_blocked, id=59040, stack(0x000000f5b1b00000,0x000000f5b1c00000) (1024K)]
  0x0000027f9ff2c300 JavaThread "Unconstrained build operations Thread 7"        [_thread_blocked, id=41620, stack(0x000000f5b1c00000,0x000000f5b1d00000) (1024K)]
  0x0000027f9ff2d020 JavaThread "Unconstrained build operations Thread 8"        [_thread_blocked, id=55596, stack(0x000000f5b1d00000,0x000000f5b1e00000) (1024K)]
  0x0000027f9ff2fe10 JavaThread "Unconstrained build operations Thread 9"        [_thread_blocked, id=52292, stack(0x000000f5b1e00000,0x000000f5b1f00000) (1024K)]
  0x0000027f9ff2c990 JavaThread "Unconstrained build operations Thread 10"        [_thread_blocked, id=58976, stack(0x000000f5b1f00000,0x000000f5b2000000) (1024K)]
  0x0000027f9ff304a0 JavaThread "Unconstrained build operations Thread 11"        [_thread_blocked, id=59672, stack(0x000000f5b2000000,0x000000f5b2100000) (1024K)]
  0x0000027f9ff30b30 JavaThread "Unconstrained build operations Thread 12"        [_thread_blocked, id=50536, stack(0x000000f5b2100000,0x000000f5b2200000) (1024K)]
  0x0000027f9ff311c0 JavaThread "Unconstrained build operations Thread 13"        [_thread_blocked, id=57948, stack(0x000000f5b2200000,0x000000f5b2300000) (1024K)]
  0x0000027f9ff2dd40 JavaThread "Unconstrained build operations Thread 14"        [_thread_blocked, id=48856, stack(0x000000f5b2300000,0x000000f5b2400000) (1024K)]
  0x0000027f9ff33fb0 JavaThread "Unconstrained build operations Thread 15"        [_thread_blocked, id=51720, stack(0x000000f5b2400000,0x000000f5b2500000) (1024K)]
  0x0000027f9ff32570 JavaThread "Unconstrained build operations Thread 16"        [_thread_blocked, id=57268, stack(0x000000f5b2500000,0x000000f5b2600000) (1024K)]
  0x0000027f9ff33290 JavaThread "Unconstrained build operations Thread 17"        [_thread_blocked, id=52716, stack(0x000000f5b2600000,0x000000f5b2700000) (1024K)]
  0x0000027f9ff33920 JavaThread "Unconstrained build operations Thread 18"        [_thread_blocked, id=58796, stack(0x000000f5b2700000,0x000000f5b2800000) (1024K)]
  0x0000027f9ff34640 JavaThread "Unconstrained build operations Thread 19"        [_thread_blocked, id=15392, stack(0x000000f5b2800000,0x000000f5b2900000) (1024K)]
  0x0000027f9ff32c00 JavaThread "Unconstrained build operations Thread 20"        [_thread_blocked, id=59432, stack(0x000000f5b2900000,0x000000f5b2a00000) (1024K)]
  0x0000027f9ff31850 JavaThread "Unconstrained build operations Thread 21"        [_thread_blocked, id=50632, stack(0x000000f5b2a00000,0x000000f5b2b00000) (1024K)]
  0x0000027f9ff31ee0 JavaThread "Unconstrained build operations Thread 22"        [_thread_blocked, id=51596, stack(0x000000f5b2b00000,0x000000f5b2c00000) (1024K)]
  0x0000027f9ff36da0 JavaThread "build event listener"              [_thread_blocked, id=59808, stack(0x000000f5b2c00000,0x000000f5b2d00000) (1024K)]
  0x0000027f9ff37430 JavaThread "included builds"                   [_thread_blocked, id=59756, stack(0x000000f5b2d00000,0x000000f5b2e00000) (1024K)]
  0x0000027f9ff359f0 JavaThread "Execution worker"                  [_thread_blocked, id=58548, stack(0x000000f5b2f00000,0x000000f5b3000000) (1024K)]
  0x0000027f9ff387e0 JavaThread "Execution worker Thread 2"         [_thread_blocked, id=53420, stack(0x000000f5b3000000,0x000000f5b3100000) (1024K)]
  0x0000027f9ff38150 JavaThread "Execution worker Thread 3"         [_thread_blocked, id=59648, stack(0x000000f5b3100000,0x000000f5b3200000) (1024K)]
  0x0000027f9ff35360 JavaThread "Execution worker Thread 4"         [_thread_blocked, id=60012, stack(0x000000f5b3200000,0x000000f5b3300000) (1024K)]
  0x0000027f9ff3b5d0 JavaThread "Execution worker Thread 5"         [_thread_blocked, id=59480, stack(0x000000f5b3300000,0x000000f5b3400000) (1024K)]
  0x0000027f9ff39500 JavaThread "Execution worker Thread 6"         [_thread_blocked, id=39036, stack(0x000000f5b3400000,0x000000f5b3500000) (1024K)]
  0x0000027f9ff38e70 JavaThread "Execution worker Thread 7"         [_thread_blocked, id=53640, stack(0x000000f5b3500000,0x000000f5b3600000) (1024K)]
  0x0000027f9ff3a220 JavaThread "Execution worker Thread 8"         [_thread_blocked, id=58920, stack(0x000000f5b3600000,0x000000f5b3700000) (1024K)]
  0x0000027f9ff39b90 JavaThread "Execution worker Thread 9"         [_thread_blocked, id=46304, stack(0x000000f5b3700000,0x000000f5b3800000) (1024K)]
  0x0000027f9ff3a8b0 JavaThread "Execution worker Thread 10"        [_thread_blocked, id=59708, stack(0x000000f5b3800000,0x000000f5b3900000) (1024K)]
  0x0000027f9ff3af40 JavaThread "Execution worker Thread 11"        [_thread_blocked, id=52724, stack(0x000000f5b3900000,0x000000f5b3a00000) (1024K)]
  0x0000027fa0478b30 JavaThread "Cache worker for execution history cache (C:\Users\goodb\flutter\packages\flutter_tools\gradle\.gradle\8.9\executionHistory)"        [_thread_blocked, id=57416, stack(0x000000f5b3b00000,0x000000f5b3c00000) (1024K)]
  0x0000027fa04770f0 JavaThread "Unconstrained build operations Thread 23"        [_thread_blocked, id=59736, stack(0x000000f5b3c00000,0x000000f5b3d00000) (1024K)]
  0x0000027fa047ac00 JavaThread "Unconstrained build operations Thread 24"        [_thread_blocked, id=59324, stack(0x000000f5b3d00000,0x000000f5b3e00000) (1024K)]
  0x0000027fa0479850 JavaThread "Unconstrained build operations Thread 25"        [_thread_blocked, id=51532, stack(0x000000f5b3e00000,0x000000f5b3f00000) (1024K)]
  0x0000027fa0479ee0 JavaThread "Unconstrained build operations Thread 26"        [_thread_blocked, id=60380, stack(0x000000f5b3f00000,0x000000f5b4000000) (1024K)]
  0x0000027fa0477780 JavaThread "Unconstrained build operations Thread 27"        [_thread_blocked, id=54628, stack(0x000000f5b4000000,0x000000f5b4100000) (1024K)]
  0x0000027fa0477e10 JavaThread "Unconstrained build operations Thread 28"        [_thread_blocked, id=1984, stack(0x000000f5b4100000,0x000000f5b4200000) (1024K)]
  0x0000027fa047b290 JavaThread "Unconstrained build operations Thread 29"        [_thread_blocked, id=38308, stack(0x000000f5b4200000,0x000000f5b4300000) (1024K)]
  0x0000027fa047b920 JavaThread "Unconstrained build operations Thread 30"        [_thread_blocked, id=59684, stack(0x000000f5b4300000,0x000000f5b4400000) (1024K)]
  0x0000027fa047bfb0 JavaThread "Unconstrained build operations Thread 31"        [_thread_blocked, id=58840, stack(0x000000f5b4400000,0x000000f5b4500000) (1024K)]
  0x0000027fa047c640 JavaThread "Unconstrained build operations Thread 32"        [_thread_blocked, id=60376, stack(0x000000f5b4500000,0x000000f5b4600000) (1024K)]
  0x0000027fa04791c0 JavaThread "Unconstrained build operations Thread 33"        [_thread_blocked, id=54100, stack(0x000000f5b4600000,0x000000f5b4700000) (1024K)]
  0x0000027fa047e710 JavaThread "Unconstrained build operations Thread 34"        [_thread_blocked, id=52052, stack(0x000000f5b4700000,0x000000f5b4800000) (1024K)]
  0x0000027fa047e080 JavaThread "Unconstrained build operations Thread 35"        [_thread_blocked, id=25836, stack(0x000000f5b4800000,0x000000f5b4900000) (1024K)]
  0x0000027fa047f430 JavaThread "Unconstrained build operations Thread 36"        [_thread_blocked, id=59612, stack(0x000000f5b4900000,0x000000f5b4a00000) (1024K)]
  0x0000027fa047fac0 JavaThread "Unconstrained build operations Thread 37"        [_thread_blocked, id=59984, stack(0x000000f5b4a00000,0x000000f5b4b00000) (1024K)]
  0x0000027fa047eda0 JavaThread "Unconstrained build operations Thread 38"        [_thread_blocked, id=57704, stack(0x000000f5b4b00000,0x000000f5b4c00000) (1024K)]
  0x0000027fa047d360 JavaThread "Unconstrained build operations Thread 39"        [_thread_blocked, id=58972, stack(0x000000f5b4c00000,0x000000f5b4d00000) (1024K)]
  0x0000027fa047ccd0 JavaThread "Unconstrained build operations Thread 40"        [_thread_blocked, id=58176, stack(0x000000f5b4d00000,0x000000f5b4e00000) (1024K)]
  0x0000027fa0480e70 JavaThread "Unconstrained build operations Thread 41"        [_thread_blocked, id=50304, stack(0x000000f5b4e00000,0x000000f5b4f00000) (1024K)]
  0x0000027fa0480150 JavaThread "Unconstrained build operations Thread 42"        [_thread_blocked, id=55696, stack(0x000000f5b4f00000,0x000000f5b5000000) (1024K)]
  0x0000027fa047d9f0 JavaThread "Unconstrained build operations Thread 43"        [_thread_blocked, id=58616, stack(0x000000f5b5000000,0x000000f5b5100000) (1024K)]
  0x0000027fa04807e0 JavaThread "Unconstrained build operations Thread 44"        [_thread_blocked, id=28168, stack(0x000000f5b5100000,0x000000f5b5200000) (1024K)]
  0x0000027fa04842f0 JavaThread "Unconstrained build operations Thread 45"        [_thread_blocked, id=60288, stack(0x000000f5b5200000,0x000000f5b5300000) (1024K)]
  0x0000027fa04835d0 JavaThread "WorkerExecutor Queue"              [_thread_blocked, id=56408, stack(0x000000f5b5300000,0x000000f5b5400000) (1024K)]
  0x0000027fa0484980 JavaThread "RMI RenewClean-[127.0.0.1:17293,org.jetbrains.kotlin.daemon.common.LoopbackNetworkInterface$ClientLoopbackSocketFactory@1ba06200]" daemon [_thread_blocked, id=51488, stack(0x000000f5b5a00000,0x000000f5b5b00000) (1024K)]
  0x0000027fa0481500 JavaThread "Unconstrained build operations Thread 46"        [_thread_blocked, id=54236, stack(0x000000f5b5500000,0x000000f5b5600000) (1024K)]
  0x0000027fa0481b90 JavaThread "Unconstrained build operations Thread 47"        [_thread_blocked, id=59720, stack(0x000000f5b5b00000,0x000000f5b5c00000) (1024K)]
  0x0000027fa0485010 JavaThread "Unconstrained build operations Thread 48"        [_thread_blocked, id=31948, stack(0x000000f5b5c00000,0x000000f5b5d00000) (1024K)]
  0x0000027fa04856a0 JavaThread "Unconstrained build operations Thread 49"        [_thread_blocked, id=58512, stack(0x000000f5b5e00000,0x000000f5b5f00000) (1024K)]
  0x0000027fa0482220 JavaThread "Unconstrained build operations Thread 50"        [_thread_blocked, id=46016, stack(0x000000f5b5f00000,0x000000f5b6000000) (1024K)]
  0x0000027fa0485d30 JavaThread "Unconstrained build operations Thread 51"        [_thread_blocked, id=53060, stack(0x000000f5b6000000,0x000000f5b6100000) (1024K)]
  0x0000027f9980f7c0 JavaThread "Unconstrained build operations Thread 52"        [_thread_blocked, id=59680, stack(0x000000f5b6100000,0x000000f5b6200000) (1024K)]
  0x0000027f998104e0 JavaThread "Unconstrained build operations Thread 53"        [_thread_blocked, id=51496, stack(0x000000f5b6200000,0x000000f5b6300000) (1024K)]
  0x0000027f99810b70 JavaThread "Unconstrained build operations Thread 54"        [_thread_blocked, id=59352, stack(0x000000f5b6300000,0x000000f5b6400000) (1024K)]
  0x0000027f99811200 JavaThread "Unconstrained build operations Thread 55"        [_thread_blocked, id=57748, stack(0x000000f5b6400000,0x000000f5b6500000) (1024K)]
  0x0000027f9980fe50 JavaThread "Unconstrained build operations Thread 56"        [_thread_blocked, id=49704, stack(0x000000f5b6500000,0x000000f5b6600000) (1024K)]
  0x0000027f9980f130 JavaThread "Unconstrained build operations Thread 57"        [_thread_blocked, id=57992, stack(0x000000f5b6600000,0x000000f5b6700000) (1024K)]
  0x0000027f9980dd80 JavaThread "Unconstrained build operations Thread 58"        [_thread_blocked, id=56608, stack(0x000000f5b6700000,0x000000f5b6800000) (1024K)]
  0x0000027f99811890 JavaThread "Unconstrained build operations Thread 59"        [_thread_blocked, id=60132, stack(0x000000f5b6800000,0x000000f5b6900000) (1024K)]
  0x0000027f9980e410 JavaThread "Unconstrained build operations Thread 60"        [_thread_blocked, id=52360, stack(0x000000f5b6900000,0x000000f5b6a00000) (1024K)]
  0x0000027f998132d0 JavaThread "Unconstrained build operations Thread 61"        [_thread_blocked, id=57712, stack(0x000000f5b6a00000,0x000000f5b6b00000) (1024K)]
  0x0000027f99814680 JavaThread "Unconstrained build operations Thread 62"        [_thread_blocked, id=58504, stack(0x000000f5b6b00000,0x000000f5b6c00000) (1024K)]
  0x0000027f99813960 JavaThread "Unconstrained build operations Thread 63"        [_thread_blocked, id=59436, stack(0x000000f5b6c00000,0x000000f5b6d00000) (1024K)]
  0x0000027f99815a30 JavaThread "Unconstrained build operations Thread 64"        [_thread_blocked, id=57904, stack(0x000000f5b6d00000,0x000000f5b6e00000) (1024K)]
  0x0000027f99814d10 JavaThread "Unconstrained build operations Thread 65"        [_thread_blocked, id=58948, stack(0x000000f5b6e00000,0x000000f5b6f00000) (1024K)]
  0x0000027f998125b0 JavaThread "Unconstrained build operations Thread 66"        [_thread_blocked, id=57212, stack(0x000000f5b6f00000,0x000000f5b7000000) (1024K)]
  0x0000027f99812c40 JavaThread "Unconstrained build operations Thread 67"        [_thread_blocked, id=58884, stack(0x000000f5b7000000,0x000000f5b7100000) (1024K)]
  0x0000027f99817b00 JavaThread "build event listener"              [_thread_blocked, id=59340, stack(0x000000f5b7100000,0x000000f5b7200000) (1024K)]
  0x0000027f99818190 JavaThread "Unconstrained build operations Thread 68"        [_thread_blocked, id=55616, stack(0x000000f5b7200000,0x000000f5b7300000) (1024K)]
  0x0000027f99819bd0 JavaThread "Unconstrained build operations Thread 69"        [_thread_blocked, id=55888, stack(0x000000f5b7300000,0x000000f5b7400000) (1024K)]
  0x0000027f99816750 JavaThread "Unconstrained build operations Thread 70"        [_thread_blocked, id=58140, stack(0x000000f5b7400000,0x000000f5b7500000) (1024K)]
  0x0000027f99818eb0 JavaThread "Unconstrained build operations Thread 71"        [_thread_blocked, id=55564, stack(0x000000f5b7500000,0x000000f5b7600000) (1024K)]
  0x0000027f99819540 JavaThread "Unconstrained build operations Thread 72"        [_thread_blocked, id=58584, stack(0x000000f5b7600000,0x000000f5b7700000) (1024K)]
  0x0000027f9981a260 JavaThread "Unconstrained build operations Thread 73"        [_thread_blocked, id=49172, stack(0x000000f5b7700000,0x000000f5b7800000) (1024K)]
  0x0000027f99818820 JavaThread "Unconstrained build operations Thread 74"        [_thread_blocked, id=58568, stack(0x000000f5b7800000,0x000000f5b7900000) (1024K)]
  0x0000027f99816de0 JavaThread "Unconstrained build operations Thread 75"        [_thread_blocked, id=58480, stack(0x000000f5b7900000,0x000000f5b7a00000) (1024K)]
  0x0000027f99817470 JavaThread "Unconstrained build operations Thread 76"        [_thread_blocked, id=58232, stack(0x000000f5b7a00000,0x000000f5b7b00000) (1024K)]
  0x0000027f9981af80 JavaThread "Unconstrained build operations Thread 77"        [_thread_blocked, id=59196, stack(0x000000f5b7b00000,0x000000f5b7c00000) (1024K)]
  0x0000027f9981c9c0 JavaThread "Unconstrained build operations Thread 78"        [_thread_blocked, id=58152, stack(0x000000f5b7c00000,0x000000f5b7d00000) (1024K)]
  0x0000027f9981b610 JavaThread "Unconstrained build operations Thread 79"        [_thread_blocked, id=60296, stack(0x000000f5b7d00000,0x000000f5b7e00000) (1024K)]
  0x0000027f9981bca0 JavaThread "Unconstrained build operations Thread 80"        [_thread_blocked, id=41364, stack(0x000000f5b7e00000,0x000000f5b7f00000) (1024K)]
  0x0000027f993dc810 JavaThread "Unconstrained build operations Thread 81"        [_thread_blocked, id=56868, stack(0x000000f5b7f00000,0x000000f5b8000000) (1024K)]
  0x0000027f993e37a0 JavaThread "Unconstrained build operations Thread 82"        [_thread_blocked, id=50720, stack(0x000000f5b8000000,0x000000f5b8100000) (1024K)]
  0x0000027f993e44c0 JavaThread "Unconstrained build operations Thread 83"        [_thread_blocked, id=52020, stack(0x000000f5b8100000,0x000000f5b8200000) (1024K)]
  0x0000027f993e3e30 JavaThread "Unconstrained build operations Thread 84"        [_thread_blocked, id=59316, stack(0x000000f5b8200000,0x000000f5b8300000) (1024K)]
  0x0000027f993e4b50 JavaThread "Unconstrained build operations Thread 85"        [_thread_blocked, id=47560, stack(0x000000f5b8300000,0x000000f5b8400000) (1024K)]
  0x0000027f993e3110 JavaThread "Unconstrained build operations Thread 86"        [_thread_blocked, id=56832, stack(0x000000f5b8400000,0x000000f5b8500000) (1024K)]
  0x0000027f993e1d60 JavaThread "Unconstrained build operations Thread 87"        [_thread_blocked, id=58828, stack(0x000000f5b8500000,0x000000f5b8600000) (1024K)]
  0x0000027f993e51e0 JavaThread "Unconstrained build operations Thread 88"        [_thread_blocked, id=39776, stack(0x000000f5b8600000,0x000000f5b8700000) (1024K)]
  0x0000027f993e2a80 JavaThread "Unconstrained build operations Thread 89"        [_thread_blocked, id=33984, stack(0x000000f5b8700000,0x000000f5b8800000) (1024K)]
  0x0000027f993e5870 JavaThread "Unconstrained build operations Thread 90"        [_thread_blocked, id=59568, stack(0x000000f5b8800000,0x000000f5b8900000) (1024K)]
  0x0000027f993e23f0 JavaThread "Unconstrained build operations Thread 91"        [_thread_blocked, id=59304, stack(0x000000f5b8900000,0x000000f5b8a00000) (1024K)]
  0x0000027f993e7940 JavaThread "Unconstrained build operations Thread 92"        [_thread_blocked, id=59836, stack(0x000000f5b8a00000,0x000000f5b8b00000) (1024K)]
  0x0000027f993e5f00 JavaThread "Unconstrained build operations Thread 93"        [_thread_blocked, id=58448, stack(0x000000f5b8b00000,0x000000f5b8c00000) (1024K)]
  0x0000027f993e72b0 JavaThread "Unconstrained build operations Thread 94"        [_thread_blocked, id=49012, stack(0x000000f5b8d00000,0x000000f5b8e00000) (1024K)]
  0x0000027f993e6590 JavaThread "Unconstrained build operations Thread 95"        [_thread_blocked, id=49928, stack(0x000000f5b8e00000,0x000000f5b8f00000) (1024K)]
  0x0000027f993e6c20 JavaThread "Unconstrained build operations Thread 96"        [_thread_blocked, id=32324, stack(0x000000f5b8f00000,0x000000f5b9000000) (1024K)]
  0x0000027f993ea730 JavaThread "Unconstrained build operations Thread 97"        [_thread_blocked, id=59920, stack(0x000000f5b9000000,0x000000f5b9100000) (1024K)]
  0x0000027f993e9a10 JavaThread "Unconstrained build operations Thread 98"        [_thread_blocked, id=60092, stack(0x000000f5b9100000,0x000000f5b9200000) (1024K)]
  0x0000027f993eadc0 JavaThread "Unconstrained build operations Thread 99"        [_thread_blocked, id=58768, stack(0x000000f5b9200000,0x000000f5b9300000) (1024K)]
  0x0000027f993eb450 JavaThread "Unconstrained build operations Thread 100"        [_thread_blocked, id=51552, stack(0x000000f5b9300000,0x000000f5b9400000) (1024K)]
  0x0000027f993e7fd0 JavaThread "Unconstrained build operations Thread 101"        [_thread_blocked, id=57020, stack(0x000000f5b9400000,0x000000f5b9500000) (1024K)]
  0x0000027f993ebae0 JavaThread "Unconstrained build operations Thread 102"        [_thread_blocked, id=58612, stack(0x000000f5b9500000,0x000000f5b9600000) (1024K)]
  0x0000027f9654b030 JavaThread "Unconstrained build operations Thread 103"        [_thread_blocked, id=59468, stack(0x000000f5b9600000,0x000000f5b9700000) (1024K)]
  0x0000027f9654b6c0 JavaThread "Unconstrained build operations Thread 104"        [_thread_blocked, id=59856, stack(0x000000f5b9700000,0x000000f5b9800000) (1024K)]
  0x0000027f9654bd50 JavaThread "Unconstrained build operations Thread 105"        [_thread_blocked, id=55124, stack(0x000000f5b9800000,0x000000f5b9900000) (1024K)]
  0x0000027f965495f0 JavaThread "Unconstrained build operations Thread 106"        [_thread_blocked, id=53976, stack(0x000000f5b9900000,0x000000f5b9a00000) (1024K)]
  0x0000027f9654c3e0 JavaThread "Unconstrained build operations Thread 107"        [_thread_blocked, id=35648, stack(0x000000f5b9a00000,0x000000f5b9b00000) (1024K)]
  0x0000027f96549c80 JavaThread "Unconstrained build operations Thread 108"        [_thread_blocked, id=53272, stack(0x000000f5b9b00000,0x000000f5b9c00000) (1024K)]
  0x0000027f9654d100 JavaThread "Unconstrained build operations Thread 109"        [_thread_blocked, id=56864, stack(0x000000f5b9c00000,0x000000f5b9d00000) (1024K)]
  0x0000027f9654d790 JavaThread "Unconstrained build operations Thread 110"        [_thread_blocked, id=59528, stack(0x000000f5b9d00000,0x000000f5b9e00000) (1024K)]
  0x0000027f9654a310 JavaThread "Unconstrained build operations Thread 111"        [_thread_blocked, id=58700, stack(0x000000f5b9e00000,0x000000f5b9f00000) (1024K)]
  0x0000027f9654de20 JavaThread "Unconstrained build operations Thread 112"        [_thread_blocked, id=53152, stack(0x000000f5b9f00000,0x000000f5ba000000) (1024K)]
  0x0000027f9654eb40 JavaThread "Unconstrained build operations Thread 113"        [_thread_blocked, id=45464, stack(0x000000f5ba000000,0x000000f5ba100000) (1024K)]
  0x0000027f9654f1d0 JavaThread "Unconstrained build operations Thread 114"        [_thread_blocked, id=58876, stack(0x000000f5ba100000,0x000000f5ba200000) (1024K)]
  0x0000027f9654f860 JavaThread "Unconstrained build operations Thread 115"        [_thread_blocked, id=56380, stack(0x000000f5ba200000,0x000000f5ba300000) (1024K)]
  0x0000027f9654fef0 JavaThread "Unconstrained build operations Thread 116"        [_thread_blocked, id=59924, stack(0x000000f5ba500000,0x000000f5ba600000) (1024K)]
  0x0000027f98e6e510 JavaThread "Unconstrained build operations Thread 117"        [_thread_blocked, id=59704, stack(0x000000f5ba600000,0x000000f5ba700000) (1024K)]
  0x0000027f98e6f230 JavaThread "Unconstrained build operations Thread 118"        [_thread_blocked, id=58244, stack(0x000000f5ba700000,0x000000f5ba800000) (1024K)]
  0x0000027f98e6bdb0 JavaThread "Unconstrained build operations Thread 119"        [_thread_blocked, id=57780, stack(0x000000f5ba800000,0x000000f5ba900000) (1024K)]
  0x0000027f98e6d160 JavaThread "Unconstrained build operations Thread 120"        [_thread_blocked, id=56412, stack(0x000000f5ba900000,0x000000f5baa00000) (1024K)]
  0x0000027f98e6f8c0 JavaThread "Cache worker for execution history cache (D:\RVU\8th Sem\Major Project\Project Application\FrontEnd\flutter_application\android\.gradle\8.9\executionHistory)"        [_thread_blocked, id=59824, stack(0x000000f5baa00000,0x000000f5bab00000) (1024K)]
Total: 193

Other Threads:
=>0x0000027f4ce78be0 VMThread "VM Thread"                           [id=47952, stack(0x000000f5ae200000,0x000000f5ae300000) (1024K)]
  0x0000027f4ce6a950 WatcherThread "VM Periodic Task Thread"        [id=53744, stack(0x000000f5ae100000,0x000000f5ae200000) (1024K)]
  0x0000027f18068ea0 WorkerThread "GC Thread#0"                     [id=6476, stack(0x000000f5adc00000,0x000000f5add00000) (1024K)]
  0x0000027f4dd35c80 WorkerThread "GC Thread#1"                     [id=53936, stack(0x000000f5aed00000,0x000000f5aee00000) (1024K)]
  0x0000027f93247de0 WorkerThread "GC Thread#2"                     [id=47664, stack(0x000000f5aee00000,0x000000f5aef00000) (1024K)]
  0x0000027f93248190 WorkerThread "GC Thread#3"                     [id=56244, stack(0x000000f5aef00000,0x000000f5af000000) (1024K)]
  0x0000027f93aea050 WorkerThread "GC Thread#4"                     [id=55640, stack(0x000000f5af000000,0x000000f5af100000) (1024K)]
  0x0000027f93aa0b00 WorkerThread "GC Thread#5"                     [id=53376, stack(0x000000f5af100000,0x000000f5af200000) (1024K)]
  0x0000027f94d7db70 WorkerThread "GC Thread#6"                     [id=55148, stack(0x000000f5aff00000,0x000000f5b0000000) (1024K)]
  0x0000027f94d7ccb0 WorkerThread "GC Thread#7"                     [id=38980, stack(0x000000f5b0000000,0x000000f5b0100000) (1024K)]
  0x0000027f94d7df20 WorkerThread "GC Thread#8"                     [id=43352, stack(0x000000f5b0100000,0x000000f5b0200000) (1024K)]
  0x0000027f94d7c550 WorkerThread "GC Thread#9"                     [id=50376, stack(0x000000f5b0200000,0x000000f5b0300000) (1024K)]
  0x0000027f18079d90 ConcurrentGCThread "G1 Main Marker"            [id=32232, stack(0x000000f5add00000,0x000000f5ade00000) (1024K)]
  0x0000027f1807a7a0 WorkerThread "G1 Conc#0"                       [id=53728, stack(0x000000f5ade00000,0x000000f5adf00000) (1024K)]
  0x0000027f94ed1360 WorkerThread "G1 Conc#1"                       [id=49936, stack(0x000000f5b0400000,0x000000f5b0500000) (1024K)]
  0x0000027f94ecdc10 WorkerThread "G1 Conc#2"                       [id=51880, stack(0x000000f5b0500000,0x000000f5b0600000) (1024K)]
  0x0000027f4cd3af60 ConcurrentGCThread "G1 Refine#0"               [id=53036, stack(0x000000f5adf00000,0x000000f5ae000000) (1024K)]
  0x0000027f4cd3b9e0 ConcurrentGCThread "G1 Service"                [id=49560, stack(0x000000f5ae000000,0x000000f5ae100000) (1024K)]
Total: 18

Threads with active compile tasks:
Total: 0

VM state: at safepoint (normal execution)

VM Mutex/Monitor currently owned by a thread:  ([mutex/lock_event])
[0x00007ffc69a10df0] Threads_lock - owner thread: 0x0000027f4ce78be0
[0x00007ffc69a10ef0] Heap_lock - owner thread: 0x0000027f964f15f0

Heap address: 0x0000000600000000, size: 8192 MB, Compressed Oops mode: Zero based, Oop shift amount: 3

CDS archive(s) mapped at: [0x0000027f4e000000-0x0000027f4ec90000-0x0000027f4ec90000), size 13172736, SharedBaseAddress: 0x0000027f4e000000, ArchiveRelocationMode: 1.
Compressed class space mapped at: 0x0000027f4f000000-0x0000027f8f000000, reserved size: 1073741824
Narrow klass base: 0x0000027f4e000000, Narrow klass shift: 0, Narrow klass range: 0x100000000

GC Precious Log:
 CardTable entry size: 512
 Card Set container configuration: InlinePtr #cards 4 size 8 Array Of Cards #cards 32 size 80 Howl #buckets 8 coarsen threshold 7372 Howl Bitmap #cards 1024 size 144 coarsen threshold 921 Card regions per heap region 1 cards per card region 8192
 CPUs: 12 total, 12 available
 Memory: 7521M
 Large Page Support: Disabled
 NUMA Support: Disabled
 Compressed Oops: Enabled (Zero based)
 Heap Region Size: 4M
 Heap Min Capacity: 8M
 Heap Initial Capacity: 120M
 Heap Max Capacity: 8G
 Pre-touch: Disabled
 Parallel Workers: 10
 Concurrent Workers: 3
 Concurrent Refinement Workers: 10
 Periodic GC: Disabled

Heap:
 garbage-first heap   total 1421312K, used 456865K [0x0000000600000000, 0x0000000800000000)
  region size 4096K, 15 young (61440K), 15 survivors (61440K)
 Metaspace       used 128476K, committed 131840K, reserved 1179648K
  class space    used 16861K, committed 18560K, reserved 1048576K

Heap Regions: E=young(eden), S=young(survivor), O=old, HS=humongous(starts), HC=humongous(continues), CS=collection set, F=free, TAMS=top-at-mark-start, PB=parsable bottom
|   0|0x0000000600000000, 0x0000000600400000, 0x0000000600400000|100%|HS|  |TAMS 0x0000000600000000| PB 0x0000000600000000| Complete 
|   1|0x0000000600400000, 0x0000000600800000, 0x0000000600800000|100%| O|  |TAMS 0x0000000600400000| PB 0x0000000600400000| Untracked 
|   2|0x0000000600800000, 0x0000000600c00000, 0x0000000600c00000|100%| O|  |TAMS 0x0000000600800000| PB 0x0000000600800000| Untracked 
|   3|0x0000000600c00000, 0x0000000601000000, 0x0000000601000000|100%| O|  |TAMS 0x0000000600c00000| PB 0x0000000600c00000| Untracked 
|   4|0x0000000601000000, 0x0000000601400000, 0x0000000601400000|100%| O|  |TAMS 0x0000000601000000| PB 0x0000000601000000| Untracked 
|   5|0x0000000601400000, 0x0000000601800000, 0x0000000601800000|100%| O|  |TAMS 0x0000000601400000| PB 0x0000000601400000| Untracked 
|   6|0x0000000601800000, 0x0000000601c00000, 0x0000000601c00000|100%| O|  |TAMS 0x0000000601800000| PB 0x0000000601800000| Untracked 
|   7|0x0000000601c00000, 0x0000000602000000, 0x0000000602000000|100%| O|  |TAMS 0x0000000601c00000| PB 0x0000000601c00000| Untracked 
|   8|0x0000000602000000, 0x0000000602400000, 0x0000000602400000|100%| O|  |TAMS 0x0000000602000000| PB 0x0000000602000000| Untracked 
|   9|0x0000000602400000, 0x0000000602800000, 0x0000000602800000|100%| O|  |TAMS 0x0000000602400000| PB 0x0000000602400000| Untracked 
|  10|0x0000000602800000, 0x0000000602c00000, 0x0000000602c00000|100%| O|  |TAMS 0x0000000602800000| PB 0x0000000602800000| Untracked 
|  11|0x0000000602c00000, 0x0000000603000000, 0x0000000603000000|100%|HS|  |TAMS 0x0000000602c00000| PB 0x0000000602c00000| Complete 
|  12|0x0000000603000000, 0x0000000603400000, 0x0000000603400000|100%|HS|  |TAMS 0x0000000603000000| PB 0x0000000603000000| Complete 
|  13|0x0000000603400000, 0x0000000603800000, 0x0000000603800000|100%| O|  |TAMS 0x0000000603400000| PB 0x0000000603400000| Untracked 
|  14|0x0000000603800000, 0x0000000603c00000, 0x0000000603c00000|100%| O|  |TAMS 0x0000000603800000| PB 0x0000000603800000| Untracked 
|  15|0x0000000603c00000, 0x0000000604000000, 0x0000000604000000|100%| O|  |TAMS 0x0000000603c00000| PB 0x0000000603c00000| Untracked 
|  16|0x0000000604000000, 0x0000000604400000, 0x0000000604400000|100%| O|  |TAMS 0x0000000604000000| PB 0x0000000604000000| Untracked 
|  17|0x0000000604400000, 0x0000000604800000, 0x0000000604800000|100%| O|  |TAMS 0x0000000604400000| PB 0x0000000604400000| Untracked 
|  18|0x0000000604800000, 0x0000000604c00000, 0x0000000604c00000|100%| O|  |TAMS 0x0000000604800000| PB 0x0000000604800000| Untracked 
|  19|0x0000000604c00000, 0x0000000605000000, 0x0000000605000000|100%| O|  |TAMS 0x0000000604c00000| PB 0x0000000604c00000| Untracked 
|  20|0x0000000605000000, 0x0000000605400000, 0x0000000605400000|100%| O|  |TAMS 0x0000000605000000| PB 0x0000000605000000| Untracked 
|  21|0x0000000605400000, 0x0000000605800000, 0x0000000605800000|100%| O|  |TAMS 0x0000000605400000| PB 0x0000000605400000| Untracked 
|  22|0x0000000605800000, 0x0000000605c00000, 0x0000000605c00000|100%| O|  |TAMS 0x0000000605800000| PB 0x0000000605800000| Untracked 
|  23|0x0000000605c00000, 0x0000000606000000, 0x0000000606000000|100%| O|  |TAMS 0x0000000605c00000| PB 0x0000000605c00000| Untracked 
|  24|0x0000000606000000, 0x0000000606400000, 0x0000000606400000|100%| O|  |TAMS 0x0000000606000000| PB 0x0000000606000000| Untracked 
|  25|0x0000000606400000, 0x0000000606800000, 0x0000000606800000|100%| O|  |TAMS 0x0000000606400000| PB 0x0000000606400000| Untracked 
|  26|0x0000000606800000, 0x0000000606c00000, 0x0000000606c00000|100%| O|  |TAMS 0x0000000606800000| PB 0x0000000606800000| Untracked 
|  27|0x0000000606c00000, 0x0000000607000000, 0x0000000607000000|100%| O|  |TAMS 0x0000000606c00000| PB 0x0000000606c00000| Untracked 
|  28|0x0000000607000000, 0x0000000607400000, 0x0000000607400000|100%| O|  |TAMS 0x0000000607000000| PB 0x0000000607000000| Untracked 
|  29|0x0000000607400000, 0x0000000607800000, 0x0000000607800000|100%| O|  |TAMS 0x0000000607400000| PB 0x0000000607400000| Untracked 
|  30|0x0000000607800000, 0x0000000607c00000, 0x0000000607c00000|100%| O|  |TAMS 0x0000000607800000| PB 0x0000000607800000| Untracked 
|  31|0x0000000607c00000, 0x0000000608000000, 0x0000000608000000|100%| O|  |TAMS 0x0000000607c00000| PB 0x0000000607c00000| Untracked 
|  32|0x0000000608000000, 0x0000000608400000, 0x0000000608400000|100%| O|  |TAMS 0x0000000608000000| PB 0x0000000608000000| Untracked 
|  33|0x0000000608400000, 0x0000000608400000, 0x0000000608800000|  0%| F|  |TAMS 0x0000000608400000| PB 0x0000000608400000| Untracked 
|  34|0x0000000608800000, 0x0000000608c00000, 0x0000000608c00000|100%|HS|  |TAMS 0x0000000608800000| PB 0x0000000608800000| Complete 
|  35|0x0000000608c00000, 0x0000000609000000, 0x0000000609000000|100%| O|  |TAMS 0x0000000608c00000| PB 0x0000000608c00000| Untracked 
|  36|0x0000000609000000, 0x0000000609400000, 0x0000000609400000|100%| O|  |TAMS 0x0000000609000000| PB 0x0000000609000000| Untracked 
|  37|0x0000000609400000, 0x0000000609800000, 0x0000000609800000|100%| O|  |TAMS 0x0000000609400000| PB 0x0000000609400000| Untracked 
|  38|0x0000000609800000, 0x0000000609c00000, 0x0000000609c00000|100%| O|  |TAMS 0x0000000609800000| PB 0x0000000609800000| Untracked 
|  39|0x0000000609c00000, 0x000000060a000000, 0x000000060a000000|100%| O|  |TAMS 0x0000000609c00000| PB 0x0000000609c00000| Untracked 
|  40|0x000000060a000000, 0x000000060a0d3918, 0x000000060a400000| 20%| O|  |TAMS 0x000000060a000000| PB 0x000000060a000000| Untracked 
|  41|0x000000060a400000, 0x000000060a400000, 0x000000060a800000|  0%| F|  |TAMS 0x000000060a400000| PB 0x000000060a400000| Untracked 
|  42|0x000000060a800000, 0x000000060a800000, 0x000000060ac00000|  0%| F|  |TAMS 0x000000060a800000| PB 0x000000060a800000| Untracked 
|  43|0x000000060ac00000, 0x000000060b000000, 0x000000060b000000|100%| O|  |TAMS 0x000000060ac00000| PB 0x000000060ac00000| Untracked 
|  44|0x000000060b000000, 0x000000060b400000, 0x000000060b400000|100%| O|  |TAMS 0x000000060b000000| PB 0x000000060b000000| Untracked 
|  45|0x000000060b400000, 0x000000060b400000, 0x000000060b800000|  0%| F|  |TAMS 0x000000060b400000| PB 0x000000060b400000| Untracked 
|  46|0x000000060b800000, 0x000000060bc00000, 0x000000060bc00000|100%| O|  |TAMS 0x000000060b800000| PB 0x000000060b800000| Untracked 
|  47|0x000000060bc00000, 0x000000060bc00000, 0x000000060c000000|  0%| F|  |TAMS 0x000000060bc00000| PB 0x000000060bc00000| Untracked 
|  48|0x000000060c000000, 0x000000060c000000, 0x000000060c400000|  0%| F|  |TAMS 0x000000060c000000| PB 0x000000060c000000| Untracked 
|  49|0x000000060c400000, 0x000000060c800000, 0x000000060c800000|100%| O|  |TAMS 0x000000060c400000| PB 0x000000060c400000| Untracked 
|  50|0x000000060c800000, 0x000000060cc00000, 0x000000060cc00000|100%| O|  |TAMS 0x000000060c800000| PB 0x000000060c800000| Untracked 
|  51|0x000000060cc00000, 0x000000060d000000, 0x000000060d000000|100%| O|  |TAMS 0x000000060cc00000| PB 0x000000060cc00000| Untracked 
|  52|0x000000060d000000, 0x000000060d000000, 0x000000060d400000|  0%| F|  |TAMS 0x000000060d000000| PB 0x000000060d000000| Untracked 
|  53|0x000000060d400000, 0x000000060d800000, 0x000000060d800000|100%| O|  |TAMS 0x000000060d400000| PB 0x000000060d400000| Untracked 
|  54|0x000000060d800000, 0x000000060dc00000, 0x000000060dc00000|100%| O|  |TAMS 0x000000060d800000| PB 0x000000060d800000| Untracked 
|  55|0x000000060dc00000, 0x000000060e000000, 0x000000060e000000|100%| O|  |TAMS 0x000000060dc00000| PB 0x000000060dc00000| Untracked 
|  56|0x000000060e000000, 0x000000060e400000, 0x000000060e400000|100%| O|  |TAMS 0x000000060e000000| PB 0x000000060e000000| Untracked 
|  57|0x000000060e400000, 0x000000060e800000, 0x000000060e800000|100%| O|  |TAMS 0x000000060e400000| PB 0x000000060e400000| Untracked 
|  58|0x000000060e800000, 0x000000060ec00000, 0x000000060ec00000|100%| O|  |TAMS 0x000000060e800000| PB 0x000000060e800000| Untracked 
|  59|0x000000060ec00000, 0x000000060f000000, 0x000000060f000000|100%| O|  |TAMS 0x000000060ec00000| PB 0x000000060ec00000| Untracked 
|  60|0x000000060f000000, 0x000000060f400000, 0x000000060f400000|100%| O|  |TAMS 0x000000060f000000| PB 0x000000060f000000| Untracked 
|  61|0x000000060f400000, 0x000000060f800000, 0x000000060f800000|100%| O|  |TAMS 0x000000060f400000| PB 0x000000060f400000| Untracked 
|  62|0x000000060f800000, 0x000000060fc00000, 0x000000060fc00000|100%| O|  |TAMS 0x000000060f800000| PB 0x000000060f800000| Untracked 
|  63|0x000000060fc00000, 0x0000000610000000, 0x0000000610000000|100%| O|  |TAMS 0x000000060fc00000| PB 0x000000060fc00000| Untracked 
|  64|0x0000000610000000, 0x0000000610400000, 0x0000000610400000|100%| O|  |TAMS 0x0000000610000000| PB 0x0000000610000000| Untracked 
|  65|0x0000000610400000, 0x0000000610400000, 0x0000000610800000|  0%| F|  |TAMS 0x0000000610400000| PB 0x0000000610400000| Untracked 
|  66|0x0000000610800000, 0x0000000610c00000, 0x0000000610c00000|100%| O|  |TAMS 0x0000000610800000| PB 0x0000000610800000| Untracked 
|  67|0x0000000610c00000, 0x0000000611000000, 0x0000000611000000|100%| O|  |TAMS 0x0000000610c00000| PB 0x0000000610c00000| Untracked 
|  68|0x0000000611000000, 0x0000000611400000, 0x0000000611400000|100%| O|  |TAMS 0x0000000611000000| PB 0x0000000611000000| Untracked 
|  69|0x0000000611400000, 0x0000000611800000, 0x0000000611800000|100%| O|  |TAMS 0x0000000611400000| PB 0x0000000611400000| Untracked 
|  70|0x0000000611800000, 0x0000000611c00000, 0x0000000611c00000|100%| O|  |TAMS 0x0000000611800000| PB 0x0000000611800000| Untracked 
|  71|0x0000000611c00000, 0x0000000612000000, 0x0000000612000000|100%| O|  |TAMS 0x0000000611c00000| PB 0x0000000611c00000| Untracked 
|  72|0x0000000612000000, 0x0000000612400000, 0x0000000612400000|100%| O|  |TAMS 0x0000000612000000| PB 0x0000000612000000| Untracked 
|  73|0x0000000612400000, 0x0000000612800000, 0x0000000612800000|100%| O|  |TAMS 0x0000000612400000| PB 0x0000000612400000| Untracked 
|  74|0x0000000612800000, 0x0000000612c00000, 0x0000000612c00000|100%| O|  |TAMS 0x0000000612800000| PB 0x0000000612800000| Untracked 
|  75|0x0000000612c00000, 0x0000000613000000, 0x0000000613000000|100%| O|  |TAMS 0x0000000612c00000| PB 0x0000000612c00000| Untracked 
|  76|0x0000000613000000, 0x0000000613400000, 0x0000000613400000|100%| O|  |TAMS 0x0000000613000000| PB 0x0000000613000000| Untracked 
|  77|0x0000000613400000, 0x0000000613400000, 0x0000000613800000|  0%| F|  |TAMS 0x0000000613400000| PB 0x0000000613400000| Untracked 
|  78|0x0000000613800000, 0x0000000613c00000, 0x0000000613c00000|100%| O|  |TAMS 0x0000000613800000| PB 0x0000000613800000| Untracked 
|  79|0x0000000613c00000, 0x0000000614000000, 0x0000000614000000|100%| O|  |TAMS 0x0000000613c00000| PB 0x0000000613c00000| Untracked 
|  80|0x0000000614000000, 0x0000000614400000, 0x0000000614400000|100%| O|  |TAMS 0x0000000614000000| PB 0x0000000614000000| Untracked 
|  81|0x0000000614400000, 0x0000000614800000, 0x0000000614800000|100%| O|  |TAMS 0x0000000614400000| PB 0x0000000614400000| Untracked 
|  82|0x0000000614800000, 0x0000000614800000, 0x0000000614c00000|  0%| F|  |TAMS 0x0000000614800000| PB 0x0000000614800000| Untracked 
|  83|0x0000000614c00000, 0x0000000615000000, 0x0000000615000000|100%| O|  |TAMS 0x0000000614c00000| PB 0x0000000614c00000| Untracked 
|  84|0x0000000615000000, 0x0000000615400000, 0x0000000615400000|100%| O|  |TAMS 0x0000000615000000| PB 0x0000000615000000| Untracked 
|  85|0x0000000615400000, 0x0000000615800000, 0x0000000615800000|100%| O|  |TAMS 0x0000000615400000| PB 0x0000000615400000| Untracked 
|  86|0x0000000615800000, 0x0000000615c00000, 0x0000000615c00000|100%| O|  |TAMS 0x0000000615800000| PB 0x0000000615800000| Untracked 
|  87|0x0000000615c00000, 0x0000000616000000, 0x0000000616000000|100%| O|  |TAMS 0x0000000615c00000| PB 0x0000000615c00000| Untracked 
|  88|0x0000000616000000, 0x0000000616400000, 0x0000000616400000|100%| O|  |TAMS 0x0000000616000000| PB 0x0000000616000000| Untracked 
|  89|0x0000000616400000, 0x0000000616800000, 0x0000000616800000|100%| O|  |TAMS 0x0000000616400000| PB 0x0000000616400000| Untracked 
|  90|0x0000000616800000, 0x0000000616c00000, 0x0000000616c00000|100%| O|  |TAMS 0x0000000616800000| PB 0x0000000616800000| Untracked 
|  91|0x0000000616c00000, 0x0000000617000000, 0x0000000617000000|100%| O|  |TAMS 0x0000000616c00000| PB 0x0000000616c00000| Untracked 
|  92|0x0000000617000000, 0x0000000617400000, 0x0000000617400000|100%| O|  |TAMS 0x0000000617000000| PB 0x0000000617000000| Untracked 
|  93|0x0000000617400000, 0x0000000617800000, 0x0000000617800000|100%| O|  |TAMS 0x0000000617400000| PB 0x0000000617400000| Untracked 
|  94|0x0000000617800000, 0x0000000617c00000, 0x0000000617c00000|100%| O|  |TAMS 0x0000000617800000| PB 0x0000000617800000| Untracked 
|  95|0x0000000617c00000, 0x0000000618000000, 0x0000000618000000|100%| O|  |TAMS 0x0000000617c00000| PB 0x0000000617c00000| Untracked 
|  96|0x0000000618000000, 0x0000000618400000, 0x0000000618400000|100%| O|  |TAMS 0x0000000618000000| PB 0x0000000618000000| Untracked 
|  97|0x0000000618400000, 0x0000000618800000, 0x0000000618800000|100%| O|  |TAMS 0x0000000618400000| PB 0x0000000618400000| Untracked 
|  98|0x0000000618800000, 0x0000000618c00000, 0x0000000618c00000|100%| O|  |TAMS 0x0000000618800000| PB 0x0000000618800000| Untracked 
|  99|0x0000000618c00000, 0x0000000619000000, 0x0000000619000000|100%| O|  |TAMS 0x0000000618c00000| PB 0x0000000618c00000| Untracked 
| 100|0x0000000619000000, 0x0000000619400000, 0x0000000619400000|100%| O|  |TAMS 0x0000000619000000| PB 0x0000000619000000| Untracked 
| 101|0x0000000619400000, 0x0000000619800000, 0x0000000619800000|100%| O|  |TAMS 0x0000000619400000| PB 0x0000000619400000| Untracked 
| 102|0x0000000619800000, 0x0000000619c00000, 0x0000000619c00000|100%| O|  |TAMS 0x0000000619800000| PB 0x0000000619800000| Untracked 
| 103|0x0000000619c00000, 0x000000061a000000, 0x000000061a000000|100%| O|  |TAMS 0x0000000619c00000| PB 0x0000000619c00000| Untracked 
| 104|0x000000061a000000, 0x000000061a400000, 0x000000061a400000|100%| O|  |TAMS 0x000000061a000000| PB 0x000000061a000000| Untracked 
| 105|0x000000061a400000, 0x000000061a800000, 0x000000061a800000|100%| O|  |TAMS 0x000000061a400000| PB 0x000000061a400000| Untracked 
| 106|0x000000061a800000, 0x000000061ac00000, 0x000000061ac00000|100%| O|  |TAMS 0x000000061a800000| PB 0x000000061a800000| Untracked 
| 107|0x000000061ac00000, 0x000000061ac00000, 0x000000061b000000|  0%| F|  |TAMS 0x000000061ac00000| PB 0x000000061ac00000| Untracked 
| 108|0x000000061b000000, 0x000000061b400000, 0x000000061b400000|100%| O|  |TAMS 0x000000061b000000| PB 0x000000061b000000| Untracked 
| 109|0x000000061b400000, 0x000000061b400000, 0x000000061b800000|  0%| F|  |TAMS 0x000000061b400000| PB 0x000000061b400000| Untracked 
| 110|0x000000061b800000, 0x000000061b800000, 0x000000061bc00000|  0%| F|  |TAMS 0x000000061b800000| PB 0x000000061b800000| Untracked 
| 111|0x000000061bc00000, 0x000000061bc00000, 0x000000061c000000|  0%| F|  |TAMS 0x000000061bc00000| PB 0x000000061bc00000| Untracked 
| 112|0x000000061c000000, 0x000000061c000000, 0x000000061c400000|  0%| F|  |TAMS 0x000000061c000000| PB 0x000000061c000000| Untracked 
| 113|0x000000061c400000, 0x000000061c400000, 0x000000061c800000|  0%| F|  |TAMS 0x000000061c400000| PB 0x000000061c400000| Untracked 
| 114|0x000000061c800000, 0x000000061c800000, 0x000000061cc00000|  0%| F|  |TAMS 0x000000061c800000| PB 0x000000061c800000| Untracked 
| 115|0x000000061cc00000, 0x000000061cc00000, 0x000000061d000000|  0%| F|  |TAMS 0x000000061cc00000| PB 0x000000061cc00000| Untracked 
| 116|0x000000061d000000, 0x000000061d000000, 0x000000061d400000|  0%| F|  |TAMS 0x000000061d000000| PB 0x000000061d000000| Untracked 
| 117|0x000000061d400000, 0x000000061d400000, 0x000000061d800000|  0%| F|  |TAMS 0x000000061d400000| PB 0x000000061d400000| Untracked 
| 118|0x000000061d800000, 0x000000061d800000, 0x000000061dc00000|  0%| F|  |TAMS 0x000000061d800000| PB 0x000000061d800000| Untracked 
| 119|0x000000061dc00000, 0x000000061dc00000, 0x000000061e000000|  0%| F|  |TAMS 0x000000061dc00000| PB 0x000000061dc00000| Untracked 
| 120|0x000000061e000000, 0x000000061e000000, 0x000000061e400000|  0%| F|  |TAMS 0x000000061e000000| PB 0x000000061e000000| Untracked 
| 121|0x000000061e400000, 0x000000061e400000, 0x000000061e800000|  0%| F|  |TAMS 0x000000061e400000| PB 0x000000061e400000| Untracked 
| 122|0x000000061e800000, 0x000000061e800000, 0x000000061ec00000|  0%| F|  |TAMS 0x000000061e800000| PB 0x000000061e800000| Untracked 
| 123|0x000000061ec00000, 0x000000061ec00000, 0x000000061f000000|  0%| F|  |TAMS 0x000000061ec00000| PB 0x000000061ec00000| Untracked 
| 124|0x000000061f000000, 0x000000061f000000, 0x000000061f400000|  0%| F|  |TAMS 0x000000061f000000| PB 0x000000061f000000| Untracked 
| 125|0x000000061f400000, 0x000000061f400000, 0x000000061f800000|  0%| F|  |TAMS 0x000000061f400000| PB 0x000000061f400000| Untracked 
| 126|0x000000061f800000, 0x000000061f800000, 0x000000061fc00000|  0%| F|  |TAMS 0x000000061f800000| PB 0x000000061f800000| Untracked 
| 127|0x000000061fc00000, 0x000000061fc00000, 0x0000000620000000|  0%| F|  |TAMS 0x000000061fc00000| PB 0x000000061fc00000| Untracked 
| 128|0x0000000620000000, 0x0000000620000000, 0x0000000620400000|  0%| F|  |TAMS 0x0000000620000000| PB 0x0000000620000000| Untracked 
| 129|0x0000000620400000, 0x0000000620400000, 0x0000000620800000|  0%| F|  |TAMS 0x0000000620400000| PB 0x0000000620400000| Untracked 
| 130|0x0000000620800000, 0x0000000620800000, 0x0000000620c00000|  0%| F|  |TAMS 0x0000000620800000| PB 0x0000000620800000| Untracked 
| 131|0x0000000620c00000, 0x0000000620c00000, 0x0000000621000000|  0%| F|  |TAMS 0x0000000620c00000| PB 0x0000000620c00000| Untracked 
| 132|0x0000000621000000, 0x0000000621000000, 0x0000000621400000|  0%| F|  |TAMS 0x0000000621000000| PB 0x0000000621000000| Untracked 
| 133|0x0000000621400000, 0x0000000621400000, 0x0000000621800000|  0%| F|  |TAMS 0x0000000621400000| PB 0x0000000621400000| Untracked 
| 134|0x0000000621800000, 0x0000000621800000, 0x0000000621c00000|  0%| F|  |TAMS 0x0000000621800000| PB 0x0000000621800000| Untracked 
| 135|0x0000000621c00000, 0x0000000621c00000, 0x0000000622000000|  0%| F|  |TAMS 0x0000000621c00000| PB 0x0000000621c00000| Untracked 
| 136|0x0000000622000000, 0x0000000622000000, 0x0000000622400000|  0%| F|  |TAMS 0x0000000622000000| PB 0x0000000622000000| Untracked 
| 137|0x0000000622400000, 0x0000000622400000, 0x0000000622800000|  0%| F|  |TAMS 0x0000000622400000| PB 0x0000000622400000| Untracked 
| 138|0x0000000622800000, 0x0000000622800000, 0x0000000622c00000|  0%| F|  |TAMS 0x0000000622800000| PB 0x0000000622800000| Untracked 
| 139|0x0000000622c00000, 0x0000000622c00000, 0x0000000623000000|  0%| F|  |TAMS 0x0000000622c00000| PB 0x0000000622c00000| Untracked 
| 140|0x0000000623000000, 0x0000000623000000, 0x0000000623400000|  0%| F|  |TAMS 0x0000000623000000| PB 0x0000000623000000| Untracked 
| 141|0x0000000623400000, 0x0000000623400000, 0x0000000623800000|  0%| F|  |TAMS 0x0000000623400000| PB 0x0000000623400000| Untracked 
| 142|0x0000000623800000, 0x0000000623800000, 0x0000000623c00000|  0%| F|  |TAMS 0x0000000623800000| PB 0x0000000623800000| Untracked 
| 143|0x0000000623c00000, 0x0000000623c00000, 0x0000000624000000|  0%| F|  |TAMS 0x0000000623c00000| PB 0x0000000623c00000| Untracked 
| 144|0x0000000624000000, 0x0000000624000000, 0x0000000624400000|  0%| F|  |TAMS 0x0000000624000000| PB 0x0000000624000000| Untracked 
| 145|0x0000000624400000, 0x0000000624400000, 0x0000000624800000|  0%| F|  |TAMS 0x0000000624400000| PB 0x0000000624400000| Untracked 
| 146|0x0000000624800000, 0x0000000624800000, 0x0000000624c00000|  0%| F|  |TAMS 0x0000000624800000| PB 0x0000000624800000| Untracked 
| 147|0x0000000624c00000, 0x0000000624c00000, 0x0000000625000000|  0%| F|  |TAMS 0x0000000624c00000| PB 0x0000000624c00000| Untracked 
| 148|0x0000000625000000, 0x0000000625000000, 0x0000000625400000|  0%| F|  |TAMS 0x0000000625000000| PB 0x0000000625000000| Untracked 
| 149|0x0000000625400000, 0x0000000625400000, 0x0000000625800000|  0%| F|  |TAMS 0x0000000625400000| PB 0x0000000625400000| Untracked 
| 150|0x0000000625800000, 0x0000000625800000, 0x0000000625c00000|  0%| F|  |TAMS 0x0000000625800000| PB 0x0000000625800000| Untracked 
| 151|0x0000000625c00000, 0x0000000625c00000, 0x0000000626000000|  0%| F|  |TAMS 0x0000000625c00000| PB 0x0000000625c00000| Untracked 
| 152|0x0000000626000000, 0x0000000626000000, 0x0000000626400000|  0%| F|  |TAMS 0x0000000626000000| PB 0x0000000626000000| Untracked 
| 153|0x0000000626400000, 0x0000000626400000, 0x0000000626800000|  0%| F|  |TAMS 0x0000000626400000| PB 0x0000000626400000| Untracked 
| 154|0x0000000626800000, 0x0000000626800000, 0x0000000626c00000|  0%| F|  |TAMS 0x0000000626800000| PB 0x0000000626800000| Untracked 
| 155|0x0000000626c00000, 0x0000000626c00000, 0x0000000627000000|  0%| F|  |TAMS 0x0000000626c00000| PB 0x0000000626c00000| Untracked 
| 156|0x0000000627000000, 0x0000000627000000, 0x0000000627400000|  0%| F|  |TAMS 0x0000000627000000| PB 0x0000000627000000| Untracked 
| 157|0x0000000627400000, 0x0000000627400000, 0x0000000627800000|  0%| F|  |TAMS 0x0000000627400000| PB 0x0000000627400000| Untracked 
| 158|0x0000000627800000, 0x0000000627800000, 0x0000000627c00000|  0%| F|  |TAMS 0x0000000627800000| PB 0x0000000627800000| Untracked 
| 159|0x0000000627c00000, 0x0000000627c00000, 0x0000000628000000|  0%| F|  |TAMS 0x0000000627c00000| PB 0x0000000627c00000| Untracked 
| 160|0x0000000628000000, 0x0000000628000000, 0x0000000628400000|  0%| F|  |TAMS 0x0000000628000000| PB 0x0000000628000000| Untracked 
| 161|0x0000000628400000, 0x0000000628400000, 0x0000000628800000|  0%| F|  |TAMS 0x0000000628400000| PB 0x0000000628400000| Untracked 
| 162|0x0000000628800000, 0x0000000628800000, 0x0000000628c00000|  0%| F|  |TAMS 0x0000000628800000| PB 0x0000000628800000| Untracked 
| 163|0x0000000628c00000, 0x0000000628c00000, 0x0000000629000000|  0%| F|  |TAMS 0x0000000628c00000| PB 0x0000000628c00000| Untracked 
| 164|0x0000000629000000, 0x0000000629000000, 0x0000000629400000|  0%| F|  |TAMS 0x0000000629000000| PB 0x0000000629000000| Untracked 
| 165|0x0000000629400000, 0x0000000629400000, 0x0000000629800000|  0%| F|  |TAMS 0x0000000629400000| PB 0x0000000629400000| Untracked 
| 166|0x0000000629800000, 0x0000000629800000, 0x0000000629c00000|  0%| F|  |TAMS 0x0000000629800000| PB 0x0000000629800000| Untracked 
| 167|0x0000000629c00000, 0x0000000629c00000, 0x000000062a000000|  0%| F|  |TAMS 0x0000000629c00000| PB 0x0000000629c00000| Untracked 
| 168|0x000000062a000000, 0x000000062a000000, 0x000000062a400000|  0%| F|  |TAMS 0x000000062a000000| PB 0x000000062a000000| Untracked 
| 169|0x000000062a400000, 0x000000062a400000, 0x000000062a800000|  0%| F|  |TAMS 0x000000062a400000| PB 0x000000062a400000| Untracked 
| 170|0x000000062a800000, 0x000000062a800000, 0x000000062ac00000|  0%| F|  |TAMS 0x000000062a800000| PB 0x000000062a800000| Untracked 
| 171|0x000000062ac00000, 0x000000062ac00000, 0x000000062b000000|  0%| F|  |TAMS 0x000000062ac00000| PB 0x000000062ac00000| Untracked 
| 172|0x000000062b000000, 0x000000062b000000, 0x000000062b400000|  0%| F|  |TAMS 0x000000062b000000| PB 0x000000062b000000| Untracked 
| 173|0x000000062b400000, 0x000000062b400000, 0x000000062b800000|  0%| F|  |TAMS 0x000000062b400000| PB 0x000000062b400000| Untracked 
| 174|0x000000062b800000, 0x000000062b800000, 0x000000062bc00000|  0%| F|  |TAMS 0x000000062b800000| PB 0x000000062b800000| Untracked 
| 175|0x000000062bc00000, 0x000000062bc00000, 0x000000062c000000|  0%| F|  |TAMS 0x000000062bc00000| PB 0x000000062bc00000| Untracked 
| 176|0x000000062c000000, 0x000000062c000000, 0x000000062c400000|  0%| F|  |TAMS 0x000000062c000000| PB 0x000000062c000000| Untracked 
| 177|0x000000062c400000, 0x000000062c400000, 0x000000062c800000|  0%| F|  |TAMS 0x000000062c400000| PB 0x000000062c400000| Untracked 
| 178|0x000000062c800000, 0x000000062c800000, 0x000000062cc00000|  0%| F|  |TAMS 0x000000062c800000| PB 0x000000062c800000| Untracked 
| 179|0x000000062cc00000, 0x000000062cc00000, 0x000000062d000000|  0%| F|  |TAMS 0x000000062cc00000| PB 0x000000062cc00000| Untracked 
| 180|0x000000062d000000, 0x000000062d000000, 0x000000062d400000|  0%| F|  |TAMS 0x000000062d000000| PB 0x000000062d000000| Untracked 
| 181|0x000000062d400000, 0x000000062d400000, 0x000000062d800000|  0%| F|  |TAMS 0x000000062d400000| PB 0x000000062d400000| Untracked 
| 182|0x000000062d800000, 0x000000062d800000, 0x000000062dc00000|  0%| F|  |TAMS 0x000000062d800000| PB 0x000000062d800000| Untracked 
| 183|0x000000062dc00000, 0x000000062dc00000, 0x000000062e000000|  0%| F|  |TAMS 0x000000062dc00000| PB 0x000000062dc00000| Untracked 
| 184|0x000000062e000000, 0x000000062e000000, 0x000000062e400000|  0%| F|  |TAMS 0x000000062e000000| PB 0x000000062e000000| Untracked 
| 185|0x000000062e400000, 0x000000062e400000, 0x000000062e800000|  0%| F|  |TAMS 0x000000062e400000| PB 0x000000062e400000| Untracked 
| 186|0x000000062e800000, 0x000000062e800000, 0x000000062ec00000|  0%| F|  |TAMS 0x000000062e800000| PB 0x000000062e800000| Untracked 
| 187|0x000000062ec00000, 0x000000062ec00000, 0x000000062f000000|  0%| F|  |TAMS 0x000000062ec00000| PB 0x000000062ec00000| Untracked 
| 188|0x000000062f000000, 0x000000062f000000, 0x000000062f400000|  0%| F|  |TAMS 0x000000062f000000| PB 0x000000062f000000| Untracked 
| 189|0x000000062f400000, 0x000000062f400000, 0x000000062f800000|  0%| F|  |TAMS 0x000000062f400000| PB 0x000000062f400000| Untracked 
| 190|0x000000062f800000, 0x000000062f800000, 0x000000062fc00000|  0%| F|  |TAMS 0x000000062f800000| PB 0x000000062f800000| Untracked 
| 191|0x000000062fc00000, 0x000000062fc00000, 0x0000000630000000|  0%| F|  |TAMS 0x000000062fc00000| PB 0x000000062fc00000| Untracked 
| 192|0x0000000630000000, 0x0000000630000000, 0x0000000630400000|  0%| F|  |TAMS 0x0000000630000000| PB 0x0000000630000000| Untracked 
| 193|0x0000000630400000, 0x0000000630400000, 0x0000000630800000|  0%| F|  |TAMS 0x0000000630400000| PB 0x0000000630400000| Untracked 
| 194|0x0000000630800000, 0x0000000630800000, 0x0000000630c00000|  0%| F|  |TAMS 0x0000000630800000| PB 0x0000000630800000| Untracked 
| 195|0x0000000630c00000, 0x0000000630c00000, 0x0000000631000000|  0%| F|  |TAMS 0x0000000630c00000| PB 0x0000000630c00000| Untracked 
| 196|0x0000000631000000, 0x0000000631000000, 0x0000000631400000|  0%| F|  |TAMS 0x0000000631000000| PB 0x0000000631000000| Untracked 
| 197|0x0000000631400000, 0x0000000631400000, 0x0000000631800000|  0%| F|  |TAMS 0x0000000631400000| PB 0x0000000631400000| Untracked 
| 198|0x0000000631800000, 0x0000000631800000, 0x0000000631c00000|  0%| F|  |TAMS 0x0000000631800000| PB 0x0000000631800000| Untracked 
| 199|0x0000000631c00000, 0x0000000631c00000, 0x0000000632000000|  0%| F|  |TAMS 0x0000000631c00000| PB 0x0000000631c00000| Untracked 
| 200|0x0000000632000000, 0x0000000632000000, 0x0000000632400000|  0%| F|  |TAMS 0x0000000632000000| PB 0x0000000632000000| Untracked 
| 201|0x0000000632400000, 0x0000000632400000, 0x0000000632800000|  0%| F|  |TAMS 0x0000000632400000| PB 0x0000000632400000| Untracked 
| 202|0x0000000632800000, 0x0000000632800000, 0x0000000632c00000|  0%| F|  |TAMS 0x0000000632800000| PB 0x0000000632800000| Untracked 
| 203|0x0000000632c00000, 0x0000000632c00000, 0x0000000633000000|  0%| F|  |TAMS 0x0000000632c00000| PB 0x0000000632c00000| Untracked 
| 204|0x0000000633000000, 0x0000000633000000, 0x0000000633400000|  0%| F|  |TAMS 0x0000000633000000| PB 0x0000000633000000| Untracked 
| 205|0x0000000633400000, 0x0000000633400000, 0x0000000633800000|  0%| F|  |TAMS 0x0000000633400000| PB 0x0000000633400000| Untracked 
| 206|0x0000000633800000, 0x0000000633800000, 0x0000000633c00000|  0%| F|  |TAMS 0x0000000633800000| PB 0x0000000633800000| Untracked 
| 207|0x0000000633c00000, 0x0000000633c00000, 0x0000000634000000|  0%| F|  |TAMS 0x0000000633c00000| PB 0x0000000633c00000| Untracked 
| 208|0x0000000634000000, 0x0000000634154d60, 0x0000000634400000| 33%| S|CS|TAMS 0x0000000634000000| PB 0x0000000634000000| Complete 
| 209|0x0000000634400000, 0x0000000634800000, 0x0000000634800000|100%| S|CS|TAMS 0x0000000634400000| PB 0x0000000634400000| Complete 
| 210|0x0000000634800000, 0x0000000634c00000, 0x0000000634c00000|100%| S|CS|TAMS 0x0000000634800000| PB 0x0000000634800000| Complete 
| 211|0x0000000634c00000, 0x0000000635000000, 0x0000000635000000|100%| S|CS|TAMS 0x0000000634c00000| PB 0x0000000634c00000| Complete 
| 212|0x0000000635000000, 0x0000000635400000, 0x0000000635400000|100%| S|CS|TAMS 0x0000000635000000| PB 0x0000000635000000| Complete 
| 213|0x0000000635400000, 0x0000000635800000, 0x0000000635800000|100%| S|CS|TAMS 0x0000000635400000| PB 0x0000000635400000| Complete 
| 214|0x0000000635800000, 0x0000000635c00000, 0x0000000635c00000|100%| S|CS|TAMS 0x0000000635800000| PB 0x0000000635800000| Complete 
| 215|0x0000000635c00000, 0x0000000636000000, 0x0000000636000000|100%| S|CS|TAMS 0x0000000635c00000| PB 0x0000000635c00000| Complete 
| 216|0x0000000636000000, 0x0000000636400000, 0x0000000636400000|100%| S|CS|TAMS 0x0000000636000000| PB 0x0000000636000000| Complete 
| 217|0x0000000636400000, 0x0000000636800000, 0x0000000636800000|100%| S|CS|TAMS 0x0000000636400000| PB 0x0000000636400000| Complete 
| 218|0x0000000636800000, 0x0000000636c00000, 0x0000000636c00000|100%| S|CS|TAMS 0x0000000636800000| PB 0x0000000636800000| Complete 
| 219|0x0000000636c00000, 0x0000000637000000, 0x0000000637000000|100%| S|CS|TAMS 0x0000000636c00000| PB 0x0000000636c00000| Complete 
| 220|0x0000000637000000, 0x0000000637400000, 0x0000000637400000|100%| S|CS|TAMS 0x0000000637000000| PB 0x0000000637000000| Complete 
| 221|0x0000000637400000, 0x0000000637800000, 0x0000000637800000|100%| S|CS|TAMS 0x0000000637400000| PB 0x0000000637400000| Complete 
| 222|0x0000000637800000, 0x0000000637c00000, 0x0000000637c00000|100%| S|CS|TAMS 0x0000000637800000| PB 0x0000000637800000| Complete 
| 223|0x0000000637c00000, 0x0000000637c00000, 0x0000000638000000|  0%| F|  |TAMS 0x0000000637c00000| PB 0x0000000637c00000| Untracked 
| 224|0x0000000638000000, 0x0000000638000000, 0x0000000638400000|  0%| F|  |TAMS 0x0000000638000000| PB 0x0000000638000000| Untracked 
| 225|0x0000000638400000, 0x0000000638400000, 0x0000000638800000|  0%| F|  |TAMS 0x0000000638400000| PB 0x0000000638400000| Untracked 
| 226|0x0000000638800000, 0x0000000638800000, 0x0000000638c00000|  0%| F|  |TAMS 0x0000000638800000| PB 0x0000000638800000| Untracked 
| 227|0x0000000638c00000, 0x0000000638c00000, 0x0000000639000000|  0%| F|  |TAMS 0x0000000638c00000| PB 0x0000000638c00000| Untracked 
| 228|0x0000000639000000, 0x0000000639000000, 0x0000000639400000|  0%| F|  |TAMS 0x0000000639000000| PB 0x0000000639000000| Untracked 
| 229|0x0000000639400000, 0x0000000639400000, 0x0000000639800000|  0%| F|  |TAMS 0x0000000639400000| PB 0x0000000639400000| Untracked 
| 230|0x0000000639800000, 0x0000000639800000, 0x0000000639c00000|  0%| F|  |TAMS 0x0000000639800000| PB 0x0000000639800000| Untracked 
| 231|0x0000000639c00000, 0x0000000639c00000, 0x000000063a000000|  0%| F|  |TAMS 0x0000000639c00000| PB 0x0000000639c00000| Untracked 
| 232|0x000000063a000000, 0x000000063a000000, 0x000000063a400000|  0%| F|  |TAMS 0x000000063a000000| PB 0x000000063a000000| Untracked 
| 233|0x000000063a400000, 0x000000063a400000, 0x000000063a800000|  0%| F|  |TAMS 0x000000063a400000| PB 0x000000063a400000| Untracked 
| 234|0x000000063a800000, 0x000000063a800000, 0x000000063ac00000|  0%| F|  |TAMS 0x000000063a800000| PB 0x000000063a800000| Untracked 
| 235|0x000000063ac00000, 0x000000063ac00000, 0x000000063b000000|  0%| F|  |TAMS 0x000000063ac00000| PB 0x000000063ac00000| Untracked 
| 236|0x000000063b000000, 0x000000063b000000, 0x000000063b400000|  0%| F|  |TAMS 0x000000063b000000| PB 0x000000063b000000| Untracked 
| 237|0x000000063b400000, 0x000000063b400000, 0x000000063b800000|  0%| F|  |TAMS 0x000000063b400000| PB 0x000000063b400000| Untracked 
| 238|0x000000063b800000, 0x000000063b800000, 0x000000063bc00000|  0%| F|  |TAMS 0x000000063b800000| PB 0x000000063b800000| Untracked 
| 239|0x000000063bc00000, 0x000000063bc00000, 0x000000063c000000|  0%| F|  |TAMS 0x000000063bc00000| PB 0x000000063bc00000| Untracked 
| 240|0x000000063c000000, 0x000000063c000000, 0x000000063c400000|  0%| F|  |TAMS 0x000000063c000000| PB 0x000000063c000000| Untracked 
| 241|0x000000063c400000, 0x000000063c400000, 0x000000063c800000|  0%| F|  |TAMS 0x000000063c400000| PB 0x000000063c400000| Untracked 
| 242|0x000000063c800000, 0x000000063c800000, 0x000000063cc00000|  0%| F|  |TAMS 0x000000063c800000| PB 0x000000063c800000| Untracked 
| 243|0x000000063cc00000, 0x000000063cc00000, 0x000000063d000000|  0%| F|  |TAMS 0x000000063cc00000| PB 0x000000063cc00000| Untracked 
| 244|0x000000063d000000, 0x000000063d000000, 0x000000063d400000|  0%| F|  |TAMS 0x000000063d000000| PB 0x000000063d000000| Untracked 
| 245|0x000000063d400000, 0x000000063d400000, 0x000000063d800000|  0%| F|  |TAMS 0x000000063d400000| PB 0x000000063d400000| Untracked 
| 246|0x000000063d800000, 0x000000063d800000, 0x000000063dc00000|  0%| F|  |TAMS 0x000000063d800000| PB 0x000000063d800000| Untracked 
| 247|0x000000063dc00000, 0x000000063dc00000, 0x000000063e000000|  0%| F|  |TAMS 0x000000063dc00000| PB 0x000000063dc00000| Untracked 
| 248|0x000000063e000000, 0x000000063e000000, 0x000000063e400000|  0%| F|  |TAMS 0x000000063e000000| PB 0x000000063e000000| Untracked 
| 249|0x000000063e400000, 0x000000063e400000, 0x000000063e800000|  0%| F|  |TAMS 0x000000063e400000| PB 0x000000063e400000| Untracked 
| 250|0x000000063e800000, 0x000000063e800000, 0x000000063ec00000|  0%| F|  |TAMS 0x000000063e800000| PB 0x000000063e800000| Untracked 
| 251|0x000000063ec00000, 0x000000063ec00000, 0x000000063f000000|  0%| F|  |TAMS 0x000000063ec00000| PB 0x000000063ec00000| Untracked 
| 252|0x000000063f000000, 0x000000063f000000, 0x000000063f400000|  0%| F|  |TAMS 0x000000063f000000| PB 0x000000063f000000| Untracked 
| 253|0x000000063f400000, 0x000000063f400000, 0x000000063f800000|  0%| F|  |TAMS 0x000000063f400000| PB 0x000000063f400000| Untracked 
| 254|0x000000063f800000, 0x000000063f800000, 0x000000063fc00000|  0%| F|  |TAMS 0x000000063f800000| PB 0x000000063f800000| Untracked 
| 255|0x000000063fc00000, 0x000000063fc00000, 0x0000000640000000|  0%| F|  |TAMS 0x000000063fc00000| PB 0x000000063fc00000| Untracked 
| 256|0x0000000640000000, 0x0000000640000000, 0x0000000640400000|  0%| F|  |TAMS 0x0000000640000000| PB 0x0000000640000000| Untracked 
| 257|0x0000000640400000, 0x0000000640400000, 0x0000000640800000|  0%| F|  |TAMS 0x0000000640400000| PB 0x0000000640400000| Untracked 
| 258|0x0000000640800000, 0x0000000640800000, 0x0000000640c00000|  0%| F|  |TAMS 0x0000000640800000| PB 0x0000000640800000| Untracked 
| 259|0x0000000640c00000, 0x0000000640c00000, 0x0000000641000000|  0%| F|  |TAMS 0x0000000640c00000| PB 0x0000000640c00000| Untracked 
| 260|0x0000000641000000, 0x0000000641000000, 0x0000000641400000|  0%| F|  |TAMS 0x0000000641000000| PB 0x0000000641000000| Untracked 
| 261|0x0000000641400000, 0x0000000641400000, 0x0000000641800000|  0%| F|  |TAMS 0x0000000641400000| PB 0x0000000641400000| Untracked 
| 262|0x0000000641800000, 0x0000000641800000, 0x0000000641c00000|  0%| F|  |TAMS 0x0000000641800000| PB 0x0000000641800000| Untracked 
| 263|0x0000000641c00000, 0x0000000641c00000, 0x0000000642000000|  0%| F|  |TAMS 0x0000000641c00000| PB 0x0000000641c00000| Untracked 
| 264|0x0000000642000000, 0x0000000642000000, 0x0000000642400000|  0%| F|  |TAMS 0x0000000642000000| PB 0x0000000642000000| Untracked 
| 265|0x0000000642400000, 0x0000000642400000, 0x0000000642800000|  0%| F|  |TAMS 0x0000000642400000| PB 0x0000000642400000| Untracked 
| 266|0x0000000642800000, 0x0000000642800000, 0x0000000642c00000|  0%| F|  |TAMS 0x0000000642800000| PB 0x0000000642800000| Untracked 
| 267|0x0000000642c00000, 0x0000000642c00000, 0x0000000643000000|  0%| F|  |TAMS 0x0000000642c00000| PB 0x0000000642c00000| Untracked 
| 268|0x0000000643000000, 0x0000000643000000, 0x0000000643400000|  0%| F|  |TAMS 0x0000000643000000| PB 0x0000000643000000| Untracked 
| 269|0x0000000643400000, 0x0000000643400000, 0x0000000643800000|  0%| F|  |TAMS 0x0000000643400000| PB 0x0000000643400000| Untracked 
| 270|0x0000000643800000, 0x0000000643800000, 0x0000000643c00000|  0%| F|  |TAMS 0x0000000643800000| PB 0x0000000643800000| Untracked 
| 271|0x0000000643c00000, 0x0000000643c00000, 0x0000000644000000|  0%| F|  |TAMS 0x0000000643c00000| PB 0x0000000643c00000| Untracked 
| 272|0x0000000644000000, 0x0000000644000000, 0x0000000644400000|  0%| F|  |TAMS 0x0000000644000000| PB 0x0000000644000000| Untracked 
| 273|0x0000000644400000, 0x0000000644400000, 0x0000000644800000|  0%| F|  |TAMS 0x0000000644400000| PB 0x0000000644400000| Untracked 
| 274|0x0000000644800000, 0x0000000644800000, 0x0000000644c00000|  0%| F|  |TAMS 0x0000000644800000| PB 0x0000000644800000| Untracked 
| 275|0x0000000644c00000, 0x0000000644c00000, 0x0000000645000000|  0%| F|  |TAMS 0x0000000644c00000| PB 0x0000000644c00000| Untracked 
| 276|0x0000000645000000, 0x0000000645000000, 0x0000000645400000|  0%| F|  |TAMS 0x0000000645000000| PB 0x0000000645000000| Untracked 
| 277|0x0000000645400000, 0x0000000645400000, 0x0000000645800000|  0%| F|  |TAMS 0x0000000645400000| PB 0x0000000645400000| Untracked 
| 278|0x0000000645800000, 0x0000000645800000, 0x0000000645c00000|  0%| F|  |TAMS 0x0000000645800000| PB 0x0000000645800000| Untracked 
| 279|0x0000000645c00000, 0x0000000645c00000, 0x0000000646000000|  0%| F|  |TAMS 0x0000000645c00000| PB 0x0000000645c00000| Untracked 
| 280|0x0000000646000000, 0x0000000646000000, 0x0000000646400000|  0%| F|  |TAMS 0x0000000646000000| PB 0x0000000646000000| Untracked 
| 281|0x0000000646400000, 0x0000000646400000, 0x0000000646800000|  0%| F|  |TAMS 0x0000000646400000| PB 0x0000000646400000| Untracked 
| 282|0x0000000646800000, 0x0000000646800000, 0x0000000646c00000|  0%| F|  |TAMS 0x0000000646800000| PB 0x0000000646800000| Untracked 
| 283|0x0000000646c00000, 0x0000000646c00000, 0x0000000647000000|  0%| F|  |TAMS 0x0000000646c00000| PB 0x0000000646c00000| Untracked 
| 284|0x0000000647000000, 0x0000000647000000, 0x0000000647400000|  0%| F|  |TAMS 0x0000000647000000| PB 0x0000000647000000| Untracked 
| 285|0x0000000647400000, 0x0000000647400000, 0x0000000647800000|  0%| F|  |TAMS 0x0000000647400000| PB 0x0000000647400000| Untracked 
| 286|0x0000000647800000, 0x0000000647800000, 0x0000000647c00000|  0%| F|  |TAMS 0x0000000647800000| PB 0x0000000647800000| Untracked 
| 287|0x0000000647c00000, 0x0000000647c00000, 0x0000000648000000|  0%| F|  |TAMS 0x0000000647c00000| PB 0x0000000647c00000| Untracked 
| 288|0x0000000648000000, 0x0000000648000000, 0x0000000648400000|  0%| F|  |TAMS 0x0000000648000000| PB 0x0000000648000000| Untracked 
| 289|0x0000000648400000, 0x0000000648400000, 0x0000000648800000|  0%| F|  |TAMS 0x0000000648400000| PB 0x0000000648400000| Untracked 
| 290|0x0000000648800000, 0x0000000648800000, 0x0000000648c00000|  0%| F|  |TAMS 0x0000000648800000| PB 0x0000000648800000| Untracked 
| 291|0x0000000648c00000, 0x0000000648c00000, 0x0000000649000000|  0%| F|  |TAMS 0x0000000648c00000| PB 0x0000000648c00000| Untracked 
| 292|0x0000000649000000, 0x0000000649000000, 0x0000000649400000|  0%| F|  |TAMS 0x0000000649000000| PB 0x0000000649000000| Untracked 
| 293|0x0000000649400000, 0x0000000649400000, 0x0000000649800000|  0%| F|  |TAMS 0x0000000649400000| PB 0x0000000649400000| Untracked 
| 294|0x0000000649800000, 0x0000000649800000, 0x0000000649c00000|  0%| F|  |TAMS 0x0000000649800000| PB 0x0000000649800000| Untracked 
| 295|0x0000000649c00000, 0x0000000649c00000, 0x000000064a000000|  0%| F|  |TAMS 0x0000000649c00000| PB 0x0000000649c00000| Untracked 
| 296|0x000000064a000000, 0x000000064a000000, 0x000000064a400000|  0%| F|  |TAMS 0x000000064a000000| PB 0x000000064a000000| Untracked 
| 297|0x000000064a400000, 0x000000064a400000, 0x000000064a800000|  0%| F|  |TAMS 0x000000064a400000| PB 0x000000064a400000| Untracked 
| 298|0x000000064a800000, 0x000000064a800000, 0x000000064ac00000|  0%| F|  |TAMS 0x000000064a800000| PB 0x000000064a800000| Untracked 
| 299|0x000000064ac00000, 0x000000064ac00000, 0x000000064b000000|  0%| F|  |TAMS 0x000000064ac00000| PB 0x000000064ac00000| Untracked 
| 300|0x000000064b000000, 0x000000064b000000, 0x000000064b400000|  0%| F|  |TAMS 0x000000064b000000| PB 0x000000064b000000| Untracked 
| 301|0x000000064b400000, 0x000000064b400000, 0x000000064b800000|  0%| F|  |TAMS 0x000000064b400000| PB 0x000000064b400000| Untracked 
| 302|0x000000064b800000, 0x000000064b800000, 0x000000064bc00000|  0%| F|  |TAMS 0x000000064b800000| PB 0x000000064b800000| Untracked 
| 303|0x000000064bc00000, 0x000000064bc00000, 0x000000064c000000|  0%| F|  |TAMS 0x000000064bc00000| PB 0x000000064bc00000| Untracked 
| 304|0x000000064c000000, 0x000000064c000000, 0x000000064c400000|  0%| F|  |TAMS 0x000000064c000000| PB 0x000000064c000000| Untracked 
| 305|0x000000064c400000, 0x000000064c400000, 0x000000064c800000|  0%| F|  |TAMS 0x000000064c400000| PB 0x000000064c400000| Untracked 
| 306|0x000000064c800000, 0x000000064c800000, 0x000000064cc00000|  0%| F|  |TAMS 0x000000064c800000| PB 0x000000064c800000| Untracked 
| 307|0x000000064cc00000, 0x000000064cc00000, 0x000000064d000000|  0%| F|  |TAMS 0x000000064cc00000| PB 0x000000064cc00000| Untracked 
| 308|0x000000064d000000, 0x000000064d000000, 0x000000064d400000|  0%| F|  |TAMS 0x000000064d000000| PB 0x000000064d000000| Untracked 
| 309|0x000000064d400000, 0x000000064d400000, 0x000000064d800000|  0%| F|  |TAMS 0x000000064d400000| PB 0x000000064d400000| Untracked 
| 310|0x000000064d800000, 0x000000064d800000, 0x000000064dc00000|  0%| F|  |TAMS 0x000000064d800000| PB 0x000000064d800000| Untracked 
| 311|0x000000064dc00000, 0x000000064dc00000, 0x000000064e000000|  0%| F|  |TAMS 0x000000064dc00000| PB 0x000000064dc00000| Untracked 
| 312|0x000000064e000000, 0x000000064e000000, 0x000000064e400000|  0%| F|  |TAMS 0x000000064e000000| PB 0x000000064e000000| Untracked 
| 313|0x000000064e400000, 0x000000064e400000, 0x000000064e800000|  0%| F|  |TAMS 0x000000064e400000| PB 0x000000064e400000| Untracked 
| 314|0x000000064e800000, 0x000000064e800000, 0x000000064ec00000|  0%| F|  |TAMS 0x000000064e800000| PB 0x000000064e800000| Untracked 
| 315|0x000000064ec00000, 0x000000064ec00000, 0x000000064f000000|  0%| F|  |TAMS 0x000000064ec00000| PB 0x000000064ec00000| Untracked 
| 316|0x000000064f000000, 0x000000064f000000, 0x000000064f400000|  0%| F|  |TAMS 0x000000064f000000| PB 0x000000064f000000| Untracked 
| 317|0x000000064f400000, 0x000000064f400000, 0x000000064f800000|  0%| F|  |TAMS 0x000000064f400000| PB 0x000000064f400000| Untracked 
| 318|0x000000064f800000, 0x000000064f800000, 0x000000064fc00000|  0%| F|  |TAMS 0x000000064f800000| PB 0x000000064f800000| Untracked 
| 319|0x000000064fc00000, 0x000000064fc00000, 0x0000000650000000|  0%| F|  |TAMS 0x000000064fc00000| PB 0x000000064fc00000| Untracked 
| 320|0x0000000650000000, 0x0000000650000000, 0x0000000650400000|  0%| F|  |TAMS 0x0000000650000000| PB 0x0000000650000000| Untracked 
| 321|0x0000000650400000, 0x0000000650400000, 0x0000000650800000|  0%| F|  |TAMS 0x0000000650400000| PB 0x0000000650400000| Untracked 
| 322|0x0000000650800000, 0x0000000650800000, 0x0000000650c00000|  0%| F|  |TAMS 0x0000000650800000| PB 0x0000000650800000| Untracked 
| 323|0x0000000650c00000, 0x0000000650c00000, 0x0000000651000000|  0%| F|  |TAMS 0x0000000650c00000| PB 0x0000000650c00000| Untracked 
| 324|0x0000000651000000, 0x0000000651000000, 0x0000000651400000|  0%| F|  |TAMS 0x0000000651000000| PB 0x0000000651000000| Untracked 
| 325|0x0000000651400000, 0x0000000651400000, 0x0000000651800000|  0%| F|  |TAMS 0x0000000651400000| PB 0x0000000651400000| Untracked 
| 326|0x0000000651800000, 0x0000000651800000, 0x0000000651c00000|  0%| F|  |TAMS 0x0000000651800000| PB 0x0000000651800000| Untracked 
| 327|0x0000000651c00000, 0x0000000651c00000, 0x0000000652000000|  0%| F|  |TAMS 0x0000000651c00000| PB 0x0000000651c00000| Untracked 
| 328|0x0000000652000000, 0x0000000652000000, 0x0000000652400000|  0%| F|  |TAMS 0x0000000652000000| PB 0x0000000652000000| Untracked 
| 329|0x0000000652400000, 0x0000000652400000, 0x0000000652800000|  0%| F|  |TAMS 0x0000000652400000| PB 0x0000000652400000| Untracked 
| 330|0x0000000652800000, 0x0000000652800000, 0x0000000652c00000|  0%| F|  |TAMS 0x0000000652800000| PB 0x0000000652800000| Untracked 
| 331|0x0000000652c00000, 0x0000000652c00000, 0x0000000653000000|  0%| F|  |TAMS 0x0000000652c00000| PB 0x0000000652c00000| Untracked 
| 332|0x0000000653000000, 0x0000000653000000, 0x0000000653400000|  0%| F|  |TAMS 0x0000000653000000| PB 0x0000000653000000| Untracked 
| 333|0x0000000653400000, 0x0000000653400000, 0x0000000653800000|  0%| F|  |TAMS 0x0000000653400000| PB 0x0000000653400000| Untracked 
| 334|0x0000000653800000, 0x0000000653800000, 0x0000000653c00000|  0%| F|  |TAMS 0x0000000653800000| PB 0x0000000653800000| Untracked 
| 356|0x0000000659000000, 0x0000000659000000, 0x0000000659400000|  0%| F|  |TAMS 0x0000000659000000| PB 0x0000000659000000| Untracked 
| 357|0x0000000659400000, 0x0000000659400000, 0x0000000659800000|  0%| F|  |TAMS 0x0000000659400000| PB 0x0000000659400000| Untracked 
| 358|0x0000000659800000, 0x0000000659800000, 0x0000000659c00000|  0%| F|  |TAMS 0x0000000659800000| PB 0x0000000659800000| Untracked 
| 359|0x0000000659c00000, 0x0000000659c00000, 0x000000065a000000|  0%| F|  |TAMS 0x0000000659c00000| PB 0x0000000659c00000| Untracked 
| 360|0x000000065a000000, 0x000000065a000000, 0x000000065a400000|  0%| F|  |TAMS 0x000000065a000000| PB 0x000000065a000000| Untracked 
| 361|0x000000065a400000, 0x000000065a400000, 0x000000065a800000|  0%| F|  |TAMS 0x000000065a400000| PB 0x000000065a400000| Untracked 
| 362|0x000000065a800000, 0x000000065a800000, 0x000000065ac00000|  0%| F|  |TAMS 0x000000065a800000| PB 0x000000065a800000| Untracked 
| 363|0x000000065ac00000, 0x000000065ac00000, 0x000000065b000000|  0%| F|  |TAMS 0x000000065ac00000| PB 0x000000065ac00000| Untracked 
| 364|0x000000065b000000, 0x000000065b000000, 0x000000065b400000|  0%| F|  |TAMS 0x000000065b000000| PB 0x000000065b000000| Untracked 
| 365|0x000000065b400000, 0x000000065b400000, 0x000000065b800000|  0%| F|  |TAMS 0x000000065b400000| PB 0x000000065b400000| Untracked 
| 366|0x000000065b800000, 0x000000065b800000, 0x000000065bc00000|  0%| F|  |TAMS 0x000000065b800000| PB 0x000000065b800000| Untracked 
|2047|0x00000007ffc00000, 0x00000007ffc00000, 0x0000000800000000|  0%| F|  |TAMS 0x00000007ffc00000| PB 0x00000007ffc00000| Untracked 

Card table byte_map: [0x0000027f41bd0000,0x0000027f42bd0000] _byte_map_base: 0x0000027f3ebd0000

Marking Bits: (CMBitMap*) 0x0000027f180694b0
 Bits: [0x0000027f42bd0000, 0x0000027f4abd0000)

Polling page: 0x0000027f16350000

Metaspace:

Usage:
  Non-class:    109.00 MB used.
      Class:     16.47 MB used.
       Both:    125.47 MB used.

Virtual space:
  Non-class space:      128.00 MB reserved,     110.62 MB ( 86%) committed,  2 nodes.
      Class space:        1.00 GB reserved,      18.12 MB (  2%) committed,  1 nodes.
             Both:        1.12 GB reserved,     128.75 MB ( 11%) committed. 

Chunk freelists:
   Non-Class:  1.41 MB
       Class:  13.69 MB
        Both:  15.09 MB

MaxMetaspaceSize: 4.00 GB
CompressedClassSpaceSize: 1.00 GB
Initial GC threshold: 21.00 MB
Current GC threshold: 213.69 MB
CDS: on
 - commit_granule_bytes: 65536.
 - commit_granule_words: 8192.
 - virtual_space_node_default_size: 8388608.
 - enlarge_chunks_in_place: 1.
 - use_allocation_guard: 0.


Internal statistics:

num_allocs_failed_limit: 15.
num_arena_births: 5898.
num_arena_deaths: 0.
num_vsnodes_births: 3.
num_vsnodes_deaths: 0.
num_space_committed: 2060.
num_space_uncommitted: 0.
num_chunks_returned_to_freelist: 15.
num_chunks_taken_from_freelist: 12891.
num_chunk_merges: 6.
num_chunk_splits: 7953.
num_chunks_enlarged: 4456.
num_inconsistent_stats: 0.

CodeHeap 'non-profiled nmethods': size=259264Kb used=21702Kb max_used=22949Kb free=237561Kb
 bounds [0x0000027f30730000, 0x0000027f31da0000, 0x0000027f40460000]
CodeHeap 'profiled nmethods': size=259264Kb used=44823Kb max_used=49392Kb free=214440Kb
 bounds [0x0000027f20460000, 0x0000027f23520000, 0x0000027f30190000]
CodeHeap 'non-nmethods': size=5760Kb used=3010Kb max_used=3104Kb free=2749Kb
 bounds [0x0000027f30190000, 0x0000027f304b0000, 0x0000027f30730000]
 total_blobs=21772 nmethods=20703 adapters=971
 compilation: enabled
              stopped_count=0, restarted_count=0
 full_count=0

Compilation events (20 events):
Event: 971.446 Thread 0x0000027f4ceb2f50 nmethod 34501 0x0000027f22354b10 code [0x0000027f22354cc0, 0x0000027f22354f18]
Event: 971.446 Thread 0x0000027f4ceb2f50 34502       3       org.gradle.execution.plan.DefaultExecutionPlan$NodeMapping::getTasks (10 bytes)
Event: 971.446 Thread 0x0000027f4ceb2f50 nmethod 34502 0x0000027f22137e10 code [0x0000027f22137fc0, 0x0000027f221381a0]
Event: 971.454 Thread 0x0000027f4cea3b30 nmethod 34499 0x0000027f31c17e90 code [0x0000027f31c18120, 0x0000027f31c19918]
Event: 971.458 Thread 0x0000027f4ceb2f50 34503       3       com.google.common.cache.LocalCache$HashIterator::advance (94 bytes)
Event: 971.461 Thread 0x0000027f4ceb2f50 nmethod 34503 0x0000027f22480510 code [0x0000027f22480720, 0x0000027f22480ea0]
Event: 971.461 Thread 0x0000027f4ceb2f50 34505       3       org.gradle.internal.build.DefaultBuildLifecycleController$$Lambda/0x0000027f4f6e8700::get (10 bytes)
Event: 971.464 Thread 0x0000027f4ceb2f50 nmethod 34505 0x0000027f21d4b510 code [0x0000027f21d4b740, 0x0000027f21d4bed8]
Event: 971.464 Thread 0x0000027f4ceb2f50 34506       3       org.gradle.initialization.VintageBuildModelController::getLoadedSettings (14 bytes)
Event: 971.465 Thread 0x0000027f4ceb2f50 nmethod 34506 0x0000027f21d7ef90 code [0x0000027f21d7f1c0, 0x0000027f21d7f8a0]
Event: 971.465 Thread 0x0000027f4ceb2f50 34504       3       com.google.common.cache.LocalCache$HashIterator::hasNext (13 bytes)
Event: 971.465 Thread 0x0000027f4ceb2f50 nmethod 34504 0x0000027f213b1490 code [0x0000027f213b1620, 0x0000027f213b1790]
Event: 971.490 Thread 0x0000027f4cea3b30 34507       4       com.android.build.gradle.internal.tasks.factory.VariantTaskCreationAction::computeTaskName (17 bytes)
Event: 971.492 Thread 0x0000027f4cea3b30 nmethod 34507 0x0000027f31c17a10 code [0x0000027f31c17bc0, 0x0000027f31c17d10]
Event: 971.568 Thread 0x0000027f4cea3b30 34508       4       org.gradle.api.DefaultTask::usesService (6 bytes)
Event: 971.589 Thread 0x0000027f4cea3b30 nmethod 34508 0x0000027f30b8dd90 code [0x0000027f30b8df80, 0x0000027f30b8e498]
Event: 971.600 Thread 0x0000027f4ceb2f50 34509       3       com.android.build.gradle.tasks.PackageAndroidArtifact$CreationAction$Companion::getFeatureDexFolder (67 bytes)
Event: 971.604 Thread 0x0000027f4ceb2f50 nmethod 34509 0x0000027f210a0610 code [0x0000027f210a0920, 0x0000027f210a18f8]
Event: 971.625 Thread 0x0000027f4ceb2f50 34510       3       com.android.build.gradle.internal.dsl.ApplicationExtensionImpl$AgpDecorated_Decorated::getInstallation (40 bytes)
Event: 971.627 Thread 0x0000027f4ceb2f50 nmethod 34510 0x0000027f222fb410 code [0x0000027f222fb5e0, 0x0000027f222fb980]

GC Heap History (20 events):
Event: 745.749 GC heap after
{Heap after GC invocations=101 (full 0):
 garbage-first heap   total 1421312K, used 442932K [0x0000000600000000, 0x0000000800000000)
  region size 4096K, 3 young (12288K), 3 survivors (12288K)
 Metaspace       used 127582K, committed 130944K, reserved 1179648K
  class space    used 16837K, committed 18560K, reserved 1048576K
}
Event: 777.181 GC heap before
{Heap before GC invocations=101 (full 0):
 garbage-first heap   total 1421312K, used 660020K [0x0000000600000000, 0x0000000800000000)
  region size 4096K, 56 young (229376K), 3 survivors (12288K)
 Metaspace       used 127649K, committed 131008K, reserved 1179648K
  class space    used 16840K, committed 18560K, reserved 1048576K
}
Event: 777.390 GC heap after
{Heap after GC invocations=102 (full 0):
 garbage-first heap   total 1421312K, used 399102K [0x0000000600000000, 0x0000000800000000)
  region size 4096K, 5 young (20480K), 5 survivors (20480K)
 Metaspace       used 127649K, committed 131008K, reserved 1179648K
  class space    used 16840K, committed 18560K, reserved 1048576K
}
Event: 791.927 GC heap before
{Heap before GC invocations=102 (full 0):
 garbage-first heap   total 1421312K, used 505598K [0x0000000600000000, 0x0000000800000000)
  region size 4096K, 31 young (126976K), 5 survivors (20480K)
 Metaspace       used 127724K, committed 131136K, reserved 1179648K
  class space    used 16840K, committed 18560K, reserved 1048576K
}
Event: 791.969 GC heap after
{Heap after GC invocations=103 (full 0):
 garbage-first heap   total 1421312K, used 393930K [0x0000000600000000, 0x0000000800000000)
  region size 4096K, 3 young (12288K), 3 survivors (12288K)
 Metaspace       used 127724K, committed 131136K, reserved 1179648K
  class space    used 16840K, committed 18560K, reserved 1048576K
}
Event: 794.247 GC heap before
{Heap before GC invocations=103 (full 0):
 garbage-first heap   total 1421312K, used 647882K [0x0000000600000000, 0x0000000800000000)
  region size 4096K, 65 young (266240K), 3 survivors (12288K)
 Metaspace       used 127809K, committed 131200K, reserved 1179648K
  class space    used 16841K, committed 18560K, reserved 1048576K
}
Event: 794.288 GC heap after
{Heap after GC invocations=104 (full 0):
 garbage-first heap   total 1421312K, used 412388K [0x0000000600000000, 0x0000000800000000)
  region size 4096K, 9 young (36864K), 9 survivors (36864K)
 Metaspace       used 127809K, committed 131200K, reserved 1179648K
  class space    used 16841K, committed 18560K, reserved 1048576K
}
Event: 839.704 GC heap before
{Heap before GC invocations=104 (full 0):
 garbage-first heap   total 1421312K, used 883428K [0x0000000600000000, 0x0000000800000000)
  region size 4096K, 124 young (507904K), 9 survivors (36864K)
 Metaspace       used 127921K, committed 131264K, reserved 1179648K
  class space    used 16841K, committed 18560K, reserved 1048576K
}
Event: 839.873 GC heap after
{Heap after GC invocations=105 (full 0):
 garbage-first heap   total 1421312K, used 452444K [0x0000000600000000, 0x0000000800000000)
  region size 4096K, 16 young (65536K), 16 survivors (65536K)
 Metaspace       used 127921K, committed 131264K, reserved 1179648K
  class space    used 16841K, committed 18560K, reserved 1048576K
}
Event: 840.697 GC heap before
{Heap before GC invocations=106 (full 0):
 garbage-first heap   total 1421312K, used 477020K [0x0000000600000000, 0x0000000800000000)
  region size 4096K, 33 young (135168K), 16 survivors (65536K)
 Metaspace       used 127922K, committed 131264K, reserved 1179648K
  class space    used 16841K, committed 18560K, reserved 1048576K
}
Event: 840.784 GC heap after
{Heap after GC invocations=107 (full 0):
 garbage-first heap   total 1421312K, used 423605K [0x0000000600000000, 0x0000000800000000)
  region size 4096K, 4 young (16384K), 4 survivors (16384K)
 Metaspace       used 127922K, committed 131264K, reserved 1179648K
  class space    used 16841K, committed 18560K, reserved 1048576K
}
Event: 885.628 GC heap before
{Heap before GC invocations=107 (full 0):
 garbage-first heap   total 1421312K, used 689845K [0x0000000600000000, 0x0000000800000000)
  region size 4096K, 69 young (282624K), 4 survivors (16384K)
 Metaspace       used 128085K, committed 131392K, reserved 1179648K
  class space    used 16848K, committed 18560K, reserved 1048576K
}
Event: 885.698 GC heap after
{Heap after GC invocations=108 (full 0):
 garbage-first heap   total 1421312K, used 424539K [0x0000000600000000, 0x0000000800000000)
  region size 4096K, 8 young (32768K), 8 survivors (32768K)
 Metaspace       used 128085K, committed 131392K, reserved 1179648K
  class space    used 16848K, committed 18560K, reserved 1048576K
}
Event: 887.226 GC heap before
{Heap before GC invocations=108 (full 0):
 garbage-first heap   total 1421312K, used 649819K [0x0000000600000000, 0x0000000800000000)
  region size 4096K, 63 young (258048K), 8 survivors (32768K)
 Metaspace       used 128207K, committed 131520K, reserved 1179648K
  class space    used 16859K, committed 18560K, reserved 1048576K
}
Event: 887.274 GC heap after
{Heap after GC invocations=109 (full 0):
 garbage-first heap   total 1421312K, used 420049K [0x0000000600000000, 0x0000000800000000)
  region size 4096K, 6 young (24576K), 6 survivors (24576K)
 Metaspace       used 128207K, committed 131520K, reserved 1179648K
  class space    used 16859K, committed 18560K, reserved 1048576K
}
Event: 925.928 GC heap before
{Heap before GC invocations=109 (full 0):
 garbage-first heap   total 1421312K, used 805073K [0x0000000600000000, 0x0000000800000000)
  region size 4096K, 100 young (409600K), 6 survivors (24576K)
 Metaspace       used 128317K, committed 131712K, reserved 1179648K
  class space    used 16861K, committed 18560K, reserved 1048576K
}
Event: 926.084 GC heap after
{Heap after GC invocations=110 (full 0):
 garbage-first heap   total 1421312K, used 441085K [0x0000000600000000, 0x0000000800000000)
  region size 4096K, 13 young (53248K), 13 survivors (53248K)
 Metaspace       used 128317K, committed 131712K, reserved 1179648K
  class space    used 16861K, committed 18560K, reserved 1048576K
}
Event: 926.906 GC heap before
{Heap before GC invocations=110 (full 0):
 garbage-first heap   total 1421312K, used 523005K [0x0000000600000000, 0x0000000800000000)
  region size 4096K, 33 young (135168K), 13 survivors (53248K)
 Metaspace       used 128338K, committed 131712K, reserved 1179648K
  class space    used 16861K, committed 18560K, reserved 1048576K
}
Event: 926.987 GC heap after
{Heap after GC invocations=111 (full 0):
 garbage-first heap   total 1421312K, used 420315K [0x0000000600000000, 0x0000000800000000)
  region size 4096K, 4 young (16384K), 4 survivors (16384K)
 Metaspace       used 128338K, committed 131712K, reserved 1179648K
  class space    used 16861K, committed 18560K, reserved 1048576K
}
Event: 971.635 GC heap before
{Heap before GC invocations=111 (full 0):
 garbage-first heap   total 1421312K, used 911835K [0x0000000600000000, 0x0000000800000000)
  region size 4096K, 124 young (507904K), 4 survivors (16384K)
 Metaspace       used 128476K, committed 131840K, reserved 1179648K
  class space    used 16861K, committed 18560K, reserved 1048576K
}

Dll operation events (17 events):
Event: 0.021 Loaded shared library C:\jdk-21.0.9\bin\java.dll
Event: 0.067 Loaded shared library C:\jdk-21.0.9\bin\jsvml.dll
Event: 0.124 Loaded shared library C:\jdk-21.0.9\bin\zip.dll
Event: 0.130 Loaded shared library C:\jdk-21.0.9\bin\instrument.dll
Event: 0.141 Loaded shared library C:\jdk-21.0.9\bin\net.dll
Event: 0.144 Loaded shared library C:\jdk-21.0.9\bin\nio.dll
Event: 0.148 Loaded shared library C:\jdk-21.0.9\bin\zip.dll
Event: 0.493 Loaded shared library C:\jdk-21.0.9\bin\jimage.dll
Event: 0.792 Loaded shared library C:\jdk-21.0.9\bin\verify.dll
Event: 1.016 Loaded shared library C:\Users\goodb\.gradle\native\c067742578af261105cb4f569cf0c3c89f3d7b1fecec35dd04571415982c5e48\windows-amd64\native-platform.dll
Event: 1.031 Loaded shared library C:\Users\goodb\.gradle\native\100fb08df4bc3b14c8652ba06237920a3bd2aa13389f12d3474272988ae205f9\windows-amd64\native-platform-file-events.dll
Event: 2.665 Loaded shared library C:\jdk-21.0.9\bin\management.dll
Event: 2.671 Loaded shared library C:\jdk-21.0.9\bin\management_ext.dll
Event: 2.987 Loaded shared library C:\jdk-21.0.9\bin\extnet.dll
Event: 3.299 Loaded shared library C:\jdk-21.0.9\bin\sunmscapi.dll
Event: 80.409 Loaded shared library C:\Users\goodb\AppData\Local\Temp\native-platform353266438031008895dir\native-platform.dll
Event: 81.141 Loaded shared library C:\jdk-21.0.9\bin\rmi.dll

Deoptimization events (20 events):
Event: 793.890 Thread 0x0000027f9485cb10 DEOPT PACKING pc=0x0000027f229a7d5f sp=0x000000f5af9f8ac0
Event: 793.890 Thread 0x0000027f9485cb10 DEOPT UNPACKING pc=0x0000027f301e4e42 sp=0x000000f5af9f7f40 mode 0
Event: 838.941 Thread 0x0000027f9485cb10 DEOPT PACKING pc=0x0000027f22775280 sp=0x000000f5af9f9270
Event: 838.942 Thread 0x0000027f9485cb10 DEOPT UNPACKING pc=0x0000027f301e4e42 sp=0x000000f5af9f8790 mode 0
Event: 839.208 Thread 0x0000027f9485cb10 DEOPT PACKING pc=0x0000027f216c37f1 sp=0x000000f5af9f8510
Event: 839.209 Thread 0x0000027f9485cb10 DEOPT UNPACKING pc=0x0000027f301e4e42 sp=0x000000f5af9f7998 mode 0
Event: 839.424 Thread 0x0000027f9485cb10 DEOPT PACKING pc=0x0000027f22654cf2 sp=0x000000f5af9f9c40
Event: 839.424 Thread 0x0000027f9485cb10 DEOPT UNPACKING pc=0x0000027f301e4e42 sp=0x000000f5af9f9130 mode 0
Event: 840.369 Thread 0x0000027f9485cb10 Uncommon trap: trap_request=0xffffff45 fr.pc=0x0000027f30be7b20 relative=0x0000000000001040
Event: 840.369 Thread 0x0000027f9485cb10 Uncommon trap: reason=unstable_if action=reinterpret pc=0x0000027f30be7b20 method=java.lang.ThreadLocal$ThreadLocalMap.set(Ljava/lang/ThreadLocal;Ljava/lang/Object;)V @ 53 c2
Event: 840.369 Thread 0x0000027f9485cb10 DEOPT PACKING pc=0x0000027f30be7b20 sp=0x000000f5af9fb2d0
Event: 840.369 Thread 0x0000027f9485cb10 DEOPT UNPACKING pc=0x0000027f301e46a2 sp=0x000000f5af9fb160 mode 2
Event: 884.582 Thread 0x0000027f9485cb10 DEOPT PACKING pc=0x0000027f22635baf sp=0x000000f5af9f9900
Event: 884.582 Thread 0x0000027f9485cb10 DEOPT UNPACKING pc=0x0000027f301e4e42 sp=0x000000f5af9f8d80 mode 0
Event: 927.409 Thread 0x0000027f9485cb10 DEOPT PACKING pc=0x0000027f22a91475 sp=0x000000f5af9fb950
Event: 927.410 Thread 0x0000027f9485cb10 DEOPT UNPACKING pc=0x0000027f301e4e42 sp=0x000000f5af9fadd8 mode 0
Event: 970.296 Thread 0x0000027f9485cb10 DEOPT PACKING pc=0x0000027f2333ae42 sp=0x000000f5af9f8b40
Event: 970.297 Thread 0x0000027f9485cb10 DEOPT UNPACKING pc=0x0000027f301e4e42 sp=0x000000f5af9f7fd8 mode 0
Event: 970.299 Thread 0x0000027f9485cb10 DEOPT PACKING pc=0x0000027f2333bd1c sp=0x000000f5af9f8be0
Event: 970.299 Thread 0x0000027f9485cb10 DEOPT UNPACKING pc=0x0000027f301e4e42 sp=0x000000f5af9f8060 mode 0

Classes loaded (20 events):
Event: 111.148 Loading class java/lang/StackStreamFactory
Event: 111.150 Loading class java/lang/StackStreamFactory done
Event: 111.150 Loading class java/lang/StackWalker$ExtendedOption
Event: 111.151 Loading class java/lang/StackWalker$ExtendedOption done
Event: 111.151 Loading class java/lang/StackStreamFactory$StackFrameTraverser
Event: 111.153 Loading class java/lang/StackStreamFactory$StackFrameTraverser done
Event: 111.153 Loading class java/lang/StackStreamFactory$WalkerState
Event: 111.154 Loading class java/lang/StackStreamFactory$WalkerState done
Event: 111.154 Loading class java/lang/StackStreamFactory$StackFrameTraverser$StackFrameBuffer
Event: 111.154 Loading class java/lang/StackStreamFactory$FrameBuffer
Event: 111.155 Loading class java/lang/StackStreamFactory$FrameBuffer done
Event: 111.155 Loading class java/lang/StackStreamFactory$StackFrameTraverser$StackFrameBuffer done
Event: 111.156 Loading class java/util/stream/SliceOps
Event: 111.158 Loading class java/util/stream/SliceOps done
Event: 111.158 Loading class java/util/stream/SliceOps$1
Event: 111.159 Loading class java/util/stream/SliceOps$1 done
Event: 111.164 Loading class java/util/stream/SliceOps$1$1
Event: 111.165 Loading class java/util/stream/SliceOps$1$1 done
Event: 159.666 Loading class java/rmi/server/Unreferenced
Event: 159.669 Loading class java/rmi/server/Unreferenced done

Classes unloaded (0 events):
No events

Classes redefined (0 events):
No events

Internal exceptions (20 events):
Event: 923.464 Thread 0x0000027f9ff36da0 Exception <a 'sun/nio/fs/WindowsException'{0x000000064cb06f78}> (0x000000064cb06f78) 
thrown [s\open\src\hotspot\share\prims\jni.cpp, line 520]
Event: 923.464 Thread 0x0000027f9ff36da0 Exception <a 'sun/nio/fs/WindowsException'{0x000000064cb08e80}> (0x000000064cb08e80) 
thrown [s\open\src\hotspot\share\prims\jni.cpp, line 520]
Event: 923.464 Thread 0x0000027f9ff36da0 Exception <a 'sun/nio/fs/WindowsException'{0x000000064cb0aa40}> (0x000000064cb0aa40) 
thrown [s\open\src\hotspot\share\prims\jni.cpp, line 520]
Event: 927.749 Thread 0x0000027f993e0320 Exception <a 'sun/nio/fs/WindowsException'{0x000000064e06a9f0}> (0x000000064e06a9f0) 
thrown [s\open\src\hotspot\share\prims\jni.cpp, line 520]
Event: 927.750 Thread 0x0000027f993e0320 Exception <a 'sun/nio/fs/WindowsException'{0x000000064e06b9f8}> (0x000000064e06b9f8) 
thrown [s\open\src\hotspot\share\prims\jni.cpp, line 520]
Event: 953.014 Thread 0x0000027f9485cb10 Exception <a 'sun/nio/fs/WindowsException'{0x000000064d87fac8}> (0x000000064d87fac8) 
thrown [s\open\src\hotspot\share\prims\jni.cpp, line 520]
Event: 953.017 Thread 0x0000027f9485cb10 Exception <a 'sun/nio/fs/WindowsException'{0x000000064d881168}> (0x000000064d881168) 
thrown [s\open\src\hotspot\share\prims\jni.cpp, line 520]
Event: 953.018 Thread 0x0000027f9485cb10 Exception <a 'sun/nio/fs/WindowsException'{0x000000064d8827f8}> (0x000000064d8827f8) 
thrown [s\open\src\hotspot\share\prims\jni.cpp, line 520]
Event: 953.018 Thread 0x0000027f9485cb10 Exception <a 'sun/nio/fs/WindowsException'{0x000000064d883e68}> (0x000000064d883e68) 
thrown [s\open\src\hotspot\share\prims\jni.cpp, line 520]
Event: 953.218 Thread 0x0000027f9485cb10 Exception <a 'sun/nio/fs/WindowsException'{0x000000064d949220}> (0x000000064d949220) 
thrown [s\open\src\hotspot\share\prims\jni.cpp, line 520]
Event: 953.219 Thread 0x0000027f9485cb10 Exception <a 'sun/nio/fs/WindowsException'{0x000000064d94ae20}> (0x000000064d94ae20) 
thrown [s\open\src\hotspot\share\prims\jni.cpp, line 520]
Event: 953.219 Thread 0x0000027f9485cb10 Exception <a 'sun/nio/fs/WindowsException'{0x000000064d94ca10}> (0x000000064d94ca10) 
thrown [s\open\src\hotspot\share\prims\jni.cpp, line 520]
Event: 953.219 Thread 0x0000027f9485cb10 Exception <a 'sun/nio/fs/WindowsException'{0x000000064d94e5e0}> (0x000000064d94e5e0) 
thrown [s\open\src\hotspot\share\prims\jni.cpp, line 520]
Event: 967.068 Thread 0x0000027f9ff359f0 Exception <a 'sun/nio/fs/WindowsException'{0x000000064a769528}> (0x000000064a769528) 
thrown [s\open\src\hotspot\share\prims\jni.cpp, line 520]
Event: 967.071 Thread 0x0000027f9ff359f0 Exception <a 'sun/nio/fs/WindowsException'{0x000000064a76b6b0}> (0x000000064a76b6b0) 
thrown [s\open\src\hotspot\share\prims\jni.cpp, line 520]
Event: 967.072 Thread 0x0000027f9ff359f0 Exception <a 'sun/nio/fs/WindowsException'{0x000000064a76d600}> (0x000000064a76d600) 
thrown [s\open\src\hotspot\share\prims\jni.cpp, line 520]
Event: 967.072 Thread 0x0000027f9ff359f0 Exception <a 'sun/nio/fs/WindowsException'{0x000000064a7add28}> (0x000000064a7add28) 
thrown [s\open\src\hotspot\share\prims\jni.cpp, line 520]
Event: 967.085 Thread 0x0000027f9ff359f0 Exception <a 'sun/nio/fs/WindowsException'{0x000000064a7c2810}> (0x000000064a7c2810) 
thrown [s\open\src\hotspot\share\prims\jni.cpp, line 520]
Event: 967.085 Thread 0x0000027f9ff359f0 Exception <a 'sun/nio/fs/WindowsException'{0x000000064a7c49f8}> (0x000000064a7c49f8) 
thrown [s\open\src\hotspot\share\prims\jni.cpp, line 520]
Event: 967.085 Thread 0x0000027f9ff359f0 Exception <a 'sun/nio/fs/WindowsException'{0x000000064a7c65b8}> (0x000000064a7c65b8) 
thrown [s\open\src\hotspot\share\prims\jni.cpp, line 520]

ZGC Phase Switch (0 events):
No events

VM Operations (20 events):
Event: 954.237 Executing VM operation: Cleanup done
Event: 955.238 Executing VM operation: Cleanup
Event: 955.241 Executing VM operation: Cleanup done
Event: 957.241 Executing VM operation: Cleanup
Event: 957.241 Executing VM operation: Cleanup done
Event: 962.344 Executing VM operation: HandshakeAllThreads (HandshakeForDeflation)
Event: 962.344 Executing VM operation: HandshakeAllThreads (HandshakeForDeflation) done
Event: 962.344 Executing VM operation: RendezvousGCThreads
Event: 962.344 Executing VM operation: RendezvousGCThreads done
Event: 967.362 Executing VM operation: Cleanup
Event: 967.363 Executing VM operation: Cleanup done
Event: 968.363 Executing VM operation: Cleanup
Event: 968.363 Executing VM operation: Cleanup done
Event: 969.365 Executing VM operation: Cleanup
Event: 969.365 Executing VM operation: Cleanup done
Event: 970.368 Executing VM operation: Cleanup
Event: 970.368 Executing VM operation: Cleanup done
Event: 971.376 Executing VM operation: Cleanup
Event: 971.392 Executing VM operation: Cleanup done
Event: 971.635 Executing VM operation: G1CollectForAllocation (G1 Evacuation Pause)

Events (20 events):
Event: 970.199 Thread 0x0000027f993ebae0 Thread added: 0x0000027f993ebae0
Event: 970.200 Thread 0x0000027f9654b030 Thread added: 0x0000027f9654b030
Event: 970.200 Thread 0x0000027f9654b6c0 Thread added: 0x0000027f9654b6c0
Event: 970.201 Thread 0x0000027f9654bd50 Thread added: 0x0000027f9654bd50
Event: 970.201 Thread 0x0000027f965495f0 Thread added: 0x0000027f965495f0
Event: 970.201 Thread 0x0000027f9654c3e0 Thread added: 0x0000027f9654c3e0
Event: 970.202 Thread 0x0000027f96549c80 Thread added: 0x0000027f96549c80
Event: 970.202 Thread 0x0000027f9654d100 Thread added: 0x0000027f9654d100
Event: 970.202 Thread 0x0000027f9654d790 Thread added: 0x0000027f9654d790
Event: 970.202 Thread 0x0000027f9654a310 Thread added: 0x0000027f9654a310
Event: 970.550 Thread 0x0000027f9654de20 Thread added: 0x0000027f9654de20
Event: 970.551 Thread 0x0000027f9654eb40 Thread added: 0x0000027f9654eb40
Event: 970.551 Thread 0x0000027f9654f1d0 Thread added: 0x0000027f9654f1d0
Event: 970.552 Thread 0x0000027f9654f860 Thread added: 0x0000027f9654f860
Event: 970.552 Thread 0x0000027f9654fef0 Thread added: 0x0000027f9654fef0
Event: 970.552 Thread 0x0000027f98e6e510 Thread added: 0x0000027f98e6e510
Event: 970.552 Thread 0x0000027f98e6f230 Thread added: 0x0000027f98e6f230
Event: 970.553 Thread 0x0000027f98e6bdb0 Thread added: 0x0000027f98e6bdb0
Event: 970.553 Thread 0x0000027f98e6d160 Thread added: 0x0000027f98e6d160
Event: 971.450 Thread 0x0000027f98e6f8c0 Thread added: 0x0000027f98e6f8c0


Dynamic libraries:
0x00007ff6ff2f0000 - 0x00007ff6ff300000 	C:\jdk-21.0.9\bin\java.exe
0x00007ffd17cc0000 - 0x00007ffd17f27000 	C:\WINDOWS\SYSTEM32\ntdll.dll
0x00007ffd16a90000 - 0x00007ffd16b59000 	C:\WINDOWS\System32\KERNEL32.DLL
0x00007ffd15320000 - 0x00007ffd1570f000 	C:\WINDOWS\System32\KERNELBASE.dll
0x00007ffd157d0000 - 0x00007ffd1591b000 	C:\WINDOWS\System32\ucrtbase.dll
0x00007ffceca90000 - 0x00007ffcecaa9000 	C:\jdk-21.0.9\bin\jli.dll
0x00007ffd178e0000 - 0x00007ffd17994000 	C:\WINDOWS\System32\ADVAPI32.dll
0x00007ffd16590000 - 0x00007ffd16639000 	C:\WINDOWS\System32\msvcrt.dll
0x00007ffceca70000 - 0x00007ffceca8b000 	C:\jdk-21.0.9\bin\VCRUNTIME140.dll
0x00007ffd17a00000 - 0x00007ffd17aa6000 	C:\WINDOWS\System32\sechost.dll
0x00007ffd16740000 - 0x00007ffd16858000 	C:\WINDOWS\System32\RPCRT4.dll
0x00007ffd17ab0000 - 0x00007ffd17c75000 	C:\WINDOWS\System32\USER32.dll
0x00007ffd14f90000 - 0x00007ffd14fb7000 	C:\WINDOWS\System32\win32u.dll
0x00007ffd17380000 - 0x00007ffd173ab000 	C:\WINDOWS\System32\GDI32.dll
0x00007ffcfb930000 - 0x00007ffcfbbc3000 	C:\WINDOWS\WinSxS\amd64_microsoft.windows.common-controls_6595b64144ccf1df_6.0.26100.7309_none_3e05feeae336a044\COMCTL32.dll
0x00007ffd15080000 - 0x00007ffd151ac000 	C:\WINDOWS\System32\gdi32full.dll
0x00007ffd15920000 - 0x00007ffd159c3000 	C:\WINDOWS\System32\msvcp_win.dll
0x00007ffd0e070000 - 0x00007ffd0e07b000 	C:\WINDOWS\SYSTEM32\VERSION.dll
0x00007ffd16640000 - 0x00007ffd16671000 	C:\WINDOWS\System32\IMM32.DLL
0x00007ffceca60000 - 0x00007ffceca6c000 	C:\jdk-21.0.9\bin\vcruntime140_1.dll
0x00007ffca4be0000 - 0x00007ffca4c6e000 	C:\jdk-21.0.9\bin\msvcp140.dll
0x00007ffc68dd0000 - 0x00007ffc69aed000 	C:\jdk-21.0.9\bin\server\jvm.dll
0x00007ffd16e40000 - 0x00007ffd16eb4000 	C:\WINDOWS\System32\WS2_32.dll
0x00007ffd0c0d0000 - 0x00007ffd0c105000 	C:\WINDOWS\SYSTEM32\WINMM.dll
0x00007ffd14c90000 - 0x00007ffd14cee000 	C:\WINDOWS\SYSTEM32\POWRPROF.dll
0x00007ffd14c70000 - 0x00007ffd14c84000 	C:\WINDOWS\SYSTEM32\UMPDC.dll
0x00007ffd13ba0000 - 0x00007ffd13bbb000 	C:\WINDOWS\SYSTEM32\kernel.appcore.dll
0x00007ffceca50000 - 0x00007ffceca5a000 	C:\jdk-21.0.9\bin\jimage.dll
0x00007ffd0c3e0000 - 0x00007ffd0c622000 	C:\WINDOWS\SYSTEM32\DBGHELP.DLL
0x00007ffd16fc0000 - 0x00007ffd17345000 	C:\WINDOWS\System32\combase.dll
0x00007ffd16d60000 - 0x00007ffd16e36000 	C:\WINDOWS\System32\OLEAUT32.dll
0x00007ffcf5f30000 - 0x00007ffcf5f6c000 	C:\WINDOWS\SYSTEM32\dbgcore.DLL
0x00007ffd15720000 - 0x00007ffd157c5000 	C:\WINDOWS\System32\bcryptPrimitives.dll
0x00007ffceca40000 - 0x00007ffceca4f000 	C:\jdk-21.0.9\bin\instrument.dll
0x00007ffcec030000 - 0x00007ffcec04f000 	C:\jdk-21.0.9\bin\java.dll
0x00007ffd15e30000 - 0x00007ffd16583000 	C:\WINDOWS\System32\SHELL32.dll
0x00007ffd151b0000 - 0x00007ffd1531a000 	C:\WINDOWS\System32\wintypes.dll
0x00007ffd129f0000 - 0x00007ffd1324e000 	C:\WINDOWS\SYSTEM32\windows.storage.dll
0x00007ffd16ec0000 - 0x00007ffd16fb5000 	C:\WINDOWS\System32\SHCORE.dll
0x00007ffd15b60000 - 0x00007ffd15bc6000 	C:\WINDOWS\System32\shlwapi.dll
0x00007ffd14d30000 - 0x00007ffd14d59000 	C:\WINDOWS\SYSTEM32\profapi.dll
0x00007ffca4970000 - 0x00007ffca4a47000 	C:\jdk-21.0.9\bin\jsvml.dll
0x00007ffce9d80000 - 0x00007ffce9d98000 	C:\jdk-21.0.9\bin\zip.dll
0x00007ffcec6b0000 - 0x00007ffcec6c0000 	C:\jdk-21.0.9\bin\net.dll
0x00007ffd0e2f0000 - 0x00007ffd0e418000 	C:\WINDOWS\SYSTEM32\WINHTTP.dll
0x00007ffd14130000 - 0x00007ffd1419b000 	C:\WINDOWS\system32\mswsock.dll
0x00007ffce9220000 - 0x00007ffce9236000 	C:\jdk-21.0.9\bin\nio.dll
0x00007ffcec750000 - 0x00007ffcec760000 	C:\jdk-21.0.9\bin\verify.dll
0x00007ffce9360000 - 0x00007ffce9387000 	C:\Users\goodb\.gradle\native\c067742578af261105cb4f569cf0c3c89f3d7b1fecec35dd04571415982c5e48\windows-amd64\native-platform.dll
0x00007ffca47a0000 - 0x00007ffca48e4000 	C:\Users\goodb\.gradle\native\100fb08df4bc3b14c8652ba06237920a3bd2aa13389f12d3474272988ae205f9\windows-amd64\native-platform-file-events.dll
0x00007ffce6ac0000 - 0x00007ffce6aca000 	C:\jdk-21.0.9\bin\management.dll
0x00007ffce6ab0000 - 0x00007ffce6abb000 	C:\jdk-21.0.9\bin\management_ext.dll
0x00007ffd178d0000 - 0x00007ffd178d8000 	C:\WINDOWS\System32\PSAPI.DLL
0x00007ffd143f0000 - 0x00007ffd1440b000 	C:\WINDOWS\SYSTEM32\CRYPTSP.dll
0x00007ffd13b00000 - 0x00007ffd13b3a000 	C:\WINDOWS\system32\rsaenh.dll
0x00007ffd141e0000 - 0x00007ffd1420b000 	C:\WINDOWS\SYSTEM32\USERENV.dll
0x00007ffd14d00000 - 0x00007ffd14d2a000 	C:\WINDOWS\SYSTEM32\bcrypt.dll
0x00007ffd14410000 - 0x00007ffd1441c000 	C:\WINDOWS\SYSTEM32\CRYPTBASE.dll
0x00007ffd13580000 - 0x00007ffd135b4000 	C:\WINDOWS\SYSTEM32\IPHLPAPI.DLL
0x00007ffd16a50000 - 0x00007ffd16a5a000 	C:\WINDOWS\System32\NSI.dll
0x00007ffce6a70000 - 0x00007ffce6a79000 	C:\jdk-21.0.9\bin\extnet.dll
0x00007ffce6a10000 - 0x00007ffce6a1e000 	C:\jdk-21.0.9\bin\sunmscapi.dll
0x00007ffd14e10000 - 0x00007ffd14f87000 	C:\WINDOWS\System32\CRYPT32.dll
0x00007ffd14610000 - 0x00007ffd14640000 	C:\WINDOWS\SYSTEM32\ncrypt.dll
0x00007ffd145c0000 - 0x00007ffd145ff000 	C:\WINDOWS\SYSTEM32\NTASN1.dll
0x00007ffc46420000 - 0x00007ffc46428000 	C:\WINDOWS\system32\wshunix.dll
0x00007ffce7e00000 - 0x00007ffce7e18000 	C:\WINDOWS\system32\napinsp.dll
0x00007ffd13610000 - 0x00007ffd1373c000 	C:\WINDOWS\SYSTEM32\DNSAPI.dll
0x00007ffce9200000 - 0x00007ffce9212000 	C:\WINDOWS\System32\winrnr.dll
0x00007ffce91d0000 - 0x00007ffce91f2000 	C:\WINDOWS\system32\nlansp_c.dll
0x00007ffce91b0000 - 0x00007ffce91c6000 	C:\WINDOWS\system32\wshbth.dll
0x00007ffd0cf80000 - 0x00007ffd0cf8b000 	C:\Windows\System32\rasadhlp.dll
0x00007ffd0ddd0000 - 0x00007ffd0de56000 	C:\WINDOWS\System32\fwpuclnt.dll
0x00007ffcb9300000 - 0x00007ffcb931e000 	C:\Users\goodb\AppData\Local\Temp\native-platform353266438031008895dir\native-platform.dll
0x00007ffce6a00000 - 0x00007ffce6a07000 	C:\jdk-21.0.9\bin\rmi.dll

dbghelp: loaded successfully - version: 4.0.5 - missing functions: none
symbol engine: initialized successfully - sym options: 0x614 - pdb path: .;C:\jdk-21.0.9\bin;C:\WINDOWS\SYSTEM32;C:\WINDOWS\WinSxS\amd64_microsoft.windows.common-controls_6595b64144ccf1df_6.0.26100.7309_none_3e05feeae336a044;C:\jdk-21.0.9\bin\server;C:\Users\goodb\.gradle\native\c067742578af261105cb4f569cf0c3c89f3d7b1fecec35dd04571415982c5e48\windows-amd64;C:\Users\goodb\.gradle\native\100fb08df4bc3b14c8652ba06237920a3bd2aa13389f12d3474272988ae205f9\windows-amd64;C:\Users\goodb\AppData\Local\Temp\native-platform353266438031008895dir

VM Arguments:
jvm_args: -XX:MaxMetaspaceSize=4G -XX:ReservedCodeCacheSize=512m -XX:+HeapDumpOnOutOfMemoryError --add-opens=java.base/java.util=ALL-UNNAMED --add-opens=java.base/java.lang=ALL-UNNAMED --add-opens=java.base/java.lang.invoke=ALL-UNNAMED --add-opens=java.prefs/java.util.prefs=ALL-UNNAMED --add-exports=jdk.compiler/com.sun.tools.javac.api=ALL-UNNAMED --add-exports=jdk.compiler/com.sun.tools.javac.util=ALL-UNNAMED --add-opens=java.base/java.nio.charset=ALL-UNNAMED --add-opens=java.base/java.net=ALL-UNNAMED --add-opens=java.base/java.util.concurrent.atomic=ALL-UNNAMED -Xmx8G -Dfile.encoding=utf8 -Duser.country=IN -Duser.language=en -Duser.variant -javaagent:C:\Users\goodb\.gradle\wrapper\dists\gradle-8.9-bin\90cnw93cvbtalezasaz0blq0a\gradle-8.9\lib\agents\gradle-instrumentation-agent-8.9.jar 
java_command: org.gradle.launcher.daemon.bootstrap.GradleDaemon 8.9
java_class_path (initial): C:\Users\goodb\.gradle\wrapper\dists\gradle-8.9-bin\90cnw93cvbtalezasaz0blq0a\gradle-8.9\lib\gradle-daemon-main-8.9.jar
Launcher Type: SUN_STANDARD

[Global flags]
     intx CICompilerCount                          = 4                                         {product} {ergonomic}
     uint ConcGCThreads                            = 3                                         {product} {ergonomic}
     uint G1ConcRefinementThreads                  = 10                                        {product} {ergonomic}
   size_t G1HeapRegionSize                         = 4194304                                   {product} {ergonomic}
    uintx GCDrainStackTargetSize                   = 64                                        {product} {ergonomic}
     bool HeapDumpOnOutOfMemoryError               = true                                   {manageable} {command line}
   size_t InitialHeapSize                          = 125829120                                 {product} {ergonomic}
   size_t MarkStackSize                            = 4194304                                   {product} {ergonomic}
   size_t MaxHeapSize                              = 8589934592                                {product} {command line}
   size_t MaxMetaspaceSize                         = 4294967296                                {product} {command line}
   size_t MaxNewSize                               = 5150605312                                {product} {ergonomic}
   size_t MinHeapDeltaBytes                        = 4194304                                   {product} {ergonomic}
   size_t MinHeapSize                              = 8388608                                   {product} {ergonomic}
    uintx NonNMethodCodeHeapSize                   = 5839372                                {pd product} {ergonomic}
    uintx NonProfiledCodeHeapSize                  = 265515770                              {pd product} {ergonomic}
    uintx ProfiledCodeHeapSize                     = 265515770                              {pd product} {ergonomic}
    uintx ReservedCodeCacheSize                    = 536870912                              {pd product} {command line}
     bool SegmentedCodeCache                       = true                                      {product} {ergonomic}
   size_t SoftMaxHeapSize                          = 8589934592                             {manageable} {ergonomic}
     bool UseCompressedOops                        = true                           {product lp64_product} {ergonomic}
     bool UseG1GC                                  = true                                      {product} {ergonomic}
     bool UseLargePagesIndividualAllocation        = false                                  {pd product} {ergonomic}

Logging:
Log output configuration:
 #0: stdout all=warning uptime,level,tags foldmultilines=false
 #1: stderr all=off uptime,level,tags foldmultilines=false

Environment Variables:
PATH=C:\Python312\Scripts\;C:\Python312\;C:\Program Files\NVIDIA GPU Computing Toolkit\CUDA\v12.4\bin;C:\Program Files\NVIDIA GPU Computing Toolkit\CUDA\v12.4\libnvvp;C:\Program Files\Common Files\Oracle\Java\javapath;C:\windows\system32;C:\windows;C:\windows\System32\Wbem;C:\windows\System32\WindowsPowerShell\v1.0\;C:\windows\System32\OpenSSH\;C:\Program Files (x86)\NVIDIA Corporation\PhysX\Common;C:\Program Files\NVIDIA Corporation\NVIDIA NvDLISR;C:\WINDOWS\system32;C:\WINDOWS;C:\WINDOWS\System32\Wbem;C:\WINDOWS\System32\WindowsPowerShell\v1.0\;C:\WINDOWS\System32\OpenSSH\;C:\Program Files\NVIDIA Corporation\Nsight Compute 2024.1.1\;C:\Program Files\Git LFS;C:\Program Files\Git\cmd;C:\ProgramData\chocolatey\bin;C:\Program Files\Amazon\AWSCLIV2\;C:\Users\goodb\AppData\Local\nvm;C:\nvm4w\nodejs;C:\Program Files\Docker\Docker\resources\bin;C:\Program Files\Apache\apache-maven-3.9.12\bin;C:\Python312\Scripts\;C:\Python312\;C:\Program Files\NVIDIA GPU Computing Toolkit\CUDA\v12.4\bin;C:\Program Files\NVIDIA GPU Computing Toolkit\CUDA\v12.4\libnvvp;C:\Program Files\Common Files\Oracle\Java\javapath;C:\windows\system32;C:\windows;C:\windows\System32\Wbem;C:\windows\System32\WindowsPowerShell\v1.0\;C:\windows\System32\OpenSSH\;C:\Program Files (x86)\NVIDIA Corporation\PhysX\Common;C:\Program Files\NVIDIA Corporation\NVIDIA NvDLISR;C:\WINDOWS\system32;C:\WINDOWS;C:\WINDOWS\System32\Wbem;C:\WINDOWS\System32\WindowsPowerShell\v1.0\;C:\WINDOWS\System32\OpenSSH\;C:\Program Files\NVIDIA Corporation\Nsight Compute 2024.1.1\;C:\Program Files\Git LFS;C:\Program Files\Git\cmd;C:\ProgramData\chocolatey\bin;C:\Program Files\Amazon\AWSCLIV2\;C:\Users\goodb\AppData\Local\nvm;C:\nvm4w\nodejs;C:\Program Files\Docker\Docker\resources\bin;C:\Program Files\Apache\apache-maven-3.9.12\bin;;C:\Users\goodb\Downloads\apache-maven-3.9.11-src\bin;C:\Users\goodb\AppData\Local\Programs\Microsoft VS Code\bin;C:\Users\goodb\flutter\bin
USERNAME=Shashank
OS=Windows_NT
PROCESSOR_IDENTIFIER=AMD64 Family 25 Model 80 Stepping 0, AuthenticAMD
TMP=C:\Users\goodb\AppData\Local\Temp
TEMP=C:\Users\goodb\AppData\Local\Temp




Periodic native trim disabled

---------------  S Y S T E M  ---------------

OS:
 Windows 11 , 64 bit Build 26100 (10.0.26100.7309)
OS uptime: 1 days 2:54 hours
Hyper-V role detected

CPU: total 12 (initial active 12) (12 cores per cpu, 2 threads per core) family 25 model 80 stepping 0 microcode 0xa50000d, cx8, cmov, fxsr, ht, mmx, 3dnowpref, sse, sse2, sse3, ssse3, sse4a, sse4.1, sse4.2, popcnt, lzcnt, tsc, tscinvbit, avx, avx2, aes, erms, clmul, bmi1, bmi2, adx, sha, fma, vzeroupper, clflush, clflushopt, hv, rdtscp, rdpid, fsrm, f16c, cet_ss
Processor Information for all 12 processors :
  Max Mhz: 3301, Current Mhz: 3301, Mhz Limit: 3301

Memory: 4k page, system-wide physical 7521M (497M free)
TotalPageFile size 31073M (AvailPageFile size 10M)
current process WorkingSet (physical memory assigned to process): 681M, peak: 943M
current process commit charge ("private bytes"): 1868M, peak: 1952M

vm_info: Java HotSpot(TM) 64-Bit Server VM (21.0.9+7-LTS-338) for windows-amd64 JRE (21.0.9+7-LTS-338), built on 2025-09-26T06:33:49Z by "mach5run" with MS VC++ 17.6 (VS2022)

END.
